report_date,category,commodity,holdings_lbs,holdings_1st_lbs,change_lbs,change_pct
2019-03-25,Chicken,Processed Other Poultry,75342000.0,,,
2019-03-25,Eggs,Frozen Eggs,2553000.0,,,
2019-03-25,Turkey,Processed Turkeys,105381000.0,,,
2019-04-01,Chicken,Processed Other Poultry,76624000.0,76624000.0,0.0,0.0
2019-04-01,Eggs,Frozen Eggs,2421000.0,2421000.0,0.0,0.0
2019-04-01,Turkey,Processed Turkeys,106403000.0,106403000.0,0.0,0.0
2019-04-08,Chicken,Processed Other Poultry,77471000.0,76624000.0,847000.0,1.0
2019-04-08,Eggs,Frozen Eggs,2471000.0,2421000.0,50000.0,2.0
2019-04-08,Turkey,Processed Turkeys,105812000.0,106403000.0,-591000.0,-1.0
2019-04-15,Chicken,Processed Other Poultry,77471000.0,76624000.0,847000.0,1.0
2019-04-15,Eggs,Frozen Eggs,2848000.0,2421000.0,427000.0,18.0
2019-04-15,Turkey,Processed Turkeys,104671000.0,106403000.0,-1732000.0,-2.0
2019-04-22,Chicken,Processed Other Poultry,81946000.0,76624000.0,5322000.0,7.0
2019-04-22,Eggs,Frozen Eggs,2887000.0,2421000.0,466000.0,19.0
2019-04-22,Turkey,Processed Turkeys,99173000.0,106403000.0,-7230000.0,-7.0
2019-04-29,Chicken,Processed Other Poultry,80930000.0,76624000.0,4306000.0,6.0
2019-04-29,Eggs,Frozen Eggs,2905000.0,2421000.0,484000.0,20.0
2019-04-29,Turkey,Processed Turkeys,96703000.0,106403000.0,-9700000.0,-9.0
2019-05-06,Chicken,Processed Other Poultry,75263000.0,78663000.0,-3400000.0,-4.0
2019-05-06,Eggs,Frozen Eggs,2900000.0,2903000.0,-3000.0,0.0
2019-05-06,Turkey,Processed Turkeys,96471000.0,96610000.0,-139000.0,0.0
2019-05-13,Chicken,Processed Other Poultry,75839000.0,78663000.0,-2824000.0,-4.0
2019-05-13,Eggs,Frozen Eggs,2919000.0,2903000.0,16000.0,1.0
2019-05-13,Turkey,Processed Turkeys,97551000.0,96610000.0,941000.0,1.0
2019-05-20,Chicken,Processed Other Poultry,74959000.0,78663000.0,-3704000.0,-5.0
2019-05-20,Eggs,Frozen Eggs,2892000.0,2903000.0,-11000.0,0.0
2019-05-20,Turkey,Processed Turkeys,99089000.0,96610000.0,2479000.0,3.0
2019-05-27,Chicken,Processed Other Poultry,73877000.0,78663000.0,-4786000.0,-6.0
2019-05-27,Eggs,Frozen Eggs,2848000.0,2903000.0,-55000.0,-2.0
2019-05-27,Turkey,Processed Turkeys,101169000.0,96610000.0,4559000.0,5.0
2019-06-03,Chicken,Processed Other Poultry,70519000.0,70519000.0,0.0,0.0
2019-06-03,Eggs,Frozen Eggs,2766000.0,2766000.0,0.0,0.0
2019-06-03,Turkey,Processed Turkeys,102546000.0,102546000.0,0.0,0.0
2019-06-10,Chicken,Processed Other Poultry,71944000.0,70519000.0,1425000.0,2.0
2019-06-10,Eggs,Frozen Eggs,2858000.0,2766000.0,92000.0,3.0
2019-06-10,Turkey,Processed Turkeys,103977000.0,102546000.0,1431000.0,1.0
2019-06-17,Chicken,Processed Other Poultry,77152000.0,70519000.0,6633000.0,9.0
2019-06-17,Eggs,Frozen Eggs,2882000.0,2766000.0,116000.0,4.0
2019-06-17,Turkey,Processed Turkeys,107593000.0,102546000.0,5047000.0,5.0
2019-06-24,Chicken,Processed Other Poultry,77967000.0,70519000.0,7448000.0,11.0
2019-06-24,Eggs,Frozen Eggs,2817000.0,2766000.0,51000.0,2.0
2019-06-24,Turkey,Processed Turkeys,109117000.0,102546000.0,6571000.0,6.0
2019-07-01,Chicken,Processed Other Poultry,77874000.0,77874000.0,0.0,0.0
2019-07-01,Eggs,Frozen Eggs,2890000.0,2890000.0,0.0,0.0
2019-07-01,Turkey,Processed Turkeys,110109000.0,110109000.0,0.0,0.0
2019-07-08,Chicken,Processed Other Poultry,78715000.0,77874000.0,841000.0,1.0
2019-07-08,Eggs,Frozen Eggs,2903000.0,2890000.0,13000.0,0.0
2019-07-08,Turkey,Processed Turkeys,113181000.0,110109000.0,3072000.0,3.0
2019-07-15,Chicken,Processed Other Poultry,77566000.0,77874000.0,-308000.0,0.0
2019-07-15,Eggs,Frozen Eggs,2911000.0,2890000.0,21000.0,1.0
2019-07-15,Turkey,Processed Turkeys,115133000.0,110109000.0,5024000.0,5.0
2019-07-22,Chicken,Processed Other Poultry,79522000.0,77874000.0,1648000.0,2.0
2019-07-22,Eggs,Frozen Eggs,2904000.0,2890000.0,14000.0,0.0
2019-07-22,Turkey,Processed Turkeys,118865000.0,110109000.0,8756000.0,8.0
2019-07-29,Chicken,Processed Other Poultry,78335000.0,77874000.0,461000.0,1.0
2019-07-29,Eggs,Frozen Eggs,2870000.0,2890000.0,-20000.0,-1.0
2019-07-29,Turkey,Processed Turkeys,115593000.0,110109000.0,5484000.0,5.0
2019-08-05,Chicken,Processed Other Poultry,78627000.0,78510000.0,117000.0,0.0
2019-08-05,Eggs,Frozen Eggs,2828000.0,2845000.0,-17000.0,-1.0
2019-08-05,Turkey,Processed Turkeys,121527000.0,119153000.0,2374000.0,2.0
2019-08-12,Chicken,Processed Other Poultry,77718000.0,78510000.0,-792000.0,-1.0
2019-08-12,Eggs,Frozen Eggs,2903000.0,2845000.0,58000.0,2.0
2019-08-12,Turkey,Processed Turkeys,124122000.0,119153000.0,4969000.0,4.0
2019-08-19,Chicken,Processed Other Poultry,77731000.0,78510000.0,-779000.0,-1.0
2019-08-19,Eggs,Frozen Eggs,2774000.0,2845000.0,-71000.0,-2.0
2019-08-19,Turkey,Processed Turkeys,124047000.0,119153000.0,4894000.0,4.0
2019-08-26,Chicken,Processed Other Poultry,77412000.0,78510000.0,-1098000.0,-1.0
2019-08-26,Eggs,Frozen Eggs,2814000.0,2845000.0,-31000.0,-1.0
2019-08-26,Turkey,Processed Turkeys,122408000.0,119153000.0,3255000.0,3.0
2019-09-02,Chicken,Processed Other Poultry,77794000.0,77794000.0,0.0,0.0
2019-09-02,Eggs,Frozen Eggs,2858000.0,2858000.0,0.0,0.0
2019-09-02,Turkey,Processed Turkeys,121816000.0,121816000.0,0.0,0.0
2019-09-09,Chicken,Processed Other Poultry,79214000.0,77794000.0,1420000.0,2.0
2019-09-09,Eggs,Frozen Eggs,2795000.0,2858000.0,-63000.0,-2.0
2019-09-09,Turkey,Processed Turkeys,118824000.0,121816000.0,-2992000.0,-2.0
2019-09-16,Chicken,Processed Other Poultry,79825000.0,77794000.0,2031000.0,3.0
2019-09-16,Eggs,Frozen Eggs,2751000.0,2858000.0,-107000.0,-4.0
2019-09-16,Turkey,Processed Turkeys,111872000.0,121816000.0,-9944000.0,-8.0
2019-09-23,Chicken,Processed Other Poultry,79490000.0,77794000.0,1696000.0,2.0
2019-09-23,Eggs,Frozen Eggs,2771000.0,2858000.0,-87000.0,-3.0
2019-09-23,Turkey,Processed Turkeys,103678000.0,121816000.0,-18138000.0,-15.0
2019-09-30,Chicken,Processed Other Poultry,78018000.0,77794000.0,224000.0,0.0
2019-09-30,Eggs,Frozen Eggs,2743000.0,2858000.0,-115000.0,-4.0
2019-09-30,Turkey,Processed Turkeys,100084000.0,121816000.0,-21732000.0,-18.0
2019-10-07,Chicken,Processed Other Poultry,79092000.0,78233000.0,859000.0,1.0
2019-10-07,Eggs,Frozen Eggs,2771000.0,2749000.0,22000.0,1.0
2019-10-07,Turkey,Processed Turkeys,93697000.0,98807000.0,-5110000.0,-5.0
2019-10-14,Chicken,Processed Other Poultry,79097000.0,78233000.0,864000.0,1.0
2019-10-14,Eggs,Frozen Eggs,2799000.0,2749000.0,50000.0,2.0
2019-10-14,Turkey,Processed Turkeys,92571000.0,98807000.0,-6236000.0,-6.0
2019-10-21,Chicken,Processed Other Poultry,82874000.0,78233000.0,4641000.0,6.0
2019-10-21,Eggs,Frozen Eggs,2752000.0,2749000.0,3000.0,0.0
2019-10-21,Turkey,Processed Turkeys,88466000.0,98807000.0,-10341000.0,-10.0
2019-10-28,Chicken,Processed Other Poultry,86255000.0,78233000.0,8022000.0,10.0
2019-10-28,Eggs,Frozen Eggs,2723000.0,2749000.0,-26000.0,-1.0
2019-10-28,Turkey,Processed Turkeys,81420000.0,98807000.0,-17387000.0,-18.0
2019-11-04,Chicken,Processed Other Poultry,86883000.0,86757000.0,126000.0,0.0
2019-11-04,Eggs,Frozen Eggs,2680000.0,2689000.0,-9000.0,0.0
2019-11-04,Turkey,Processed Turkeys,72771000.0,74501000.0,-1730000.0,-2.0
2019-11-11,Chicken,Processed Other Poultry,87730000.0,86757000.0,973000.0,1.0
2019-11-11,Eggs,Frozen Eggs,2446000.0,2689000.0,-243000.0,-9.0
2019-11-11,Turkey,Processed Turkeys,69389000.0,74501000.0,-5112000.0,-7.0
2019-11-18,Chicken,Processed Other Poultry,77757000.0,86757000.0,-9000000.0,-10.0
2019-11-18,Eggs,Frozen Eggs,2587000.0,2689000.0,-102000.0,-4.0
2019-11-18,Turkey,Processed Turkeys,42372000.0,74501000.0,-32129000.0,-43.0
2019-11-25,Chicken,Processed Other Poultry,83663000.0,86757000.0,-3094000.0,-4.0
2019-11-25,Eggs,Frozen Eggs,2537000.0,2689000.0,-152000.0,-6.0
2019-11-25,Turkey,Processed Turkeys,35468000.0,74501000.0,-39033000.0,-52.0
2019-12-02,Chicken,Processed Other Poultry,77781000.0,77781000.0,0.0,0.0
2019-12-02,Eggs,Frozen Eggs,1992000.0,1992000.0,0.0,0.0
2019-12-02,Turkey,Processed Turkeys,38181000.0,38181000.0,0.0,0.0
2019-12-09,Chicken,Processed Other Poultry,84351000.0,77781000.0,6570000.0,8.0
2019-12-09,Eggs,Frozen Eggs,2506000.0,1992000.0,514000.0,26.0
2019-12-09,Turkey,Processed Turkeys,37797000.0,38181000.0,-384000.0,-1.0
2019-12-16,Chicken,Processed Other Poultry,88142000.0,77781000.0,10361000.0,13.0
2019-12-16,Eggs,Frozen Eggs,2677000.0,1992000.0,685000.0,34.0
2019-12-16,Turkey,Processed Turkeys,33638000.0,38181000.0,-4543000.0,-12.0
2019-12-23,Chicken,Processed Other Poultry,89854000.0,77781000.0,12073000.0,16.0
2019-12-23,Eggs,Frozen Eggs,2709000.0,1992000.0,717000.0,36.0
2019-12-23,Turkey,Processed Turkeys,37616000.0,38181000.0,-565000.0,-1.0
2019-12-30,Chicken,Processed Other Poultry,91682000.0,77781000.0,13901000.0,18.0
2019-12-30,Eggs,Frozen Eggs,2618000.0,1992000.0,626000.0,31.0
2019-12-30,Turkey,Processed Turkeys,39158000.0,38181000.0,977000.0,3.0
2020-01-06,Chicken,Processed Other Poultry,91690000.0,91685000.0,5000.0,0.0
2020-01-06,Eggs,Frozen Eggs,2580000.0,2603000.0,-23000.0,-1.0
2020-01-06,Turkey,Processed Turkeys,43243000.0,40792000.0,2451000.0,6.0
2020-01-13,Chicken,Processed Other Poultry,91334000.0,91685000.0,-351000.0,0.0
2020-01-13,Eggs,Frozen Eggs,2737000.0,2603000.0,134000.0,5.0
2020-01-13,Turkey,Processed Turkeys,46790000.0,40792000.0,5998000.0,15.0
2020-01-20,Chicken,Processed Other Poultry,95028000.0,91685000.0,3343000.0,4.0
2020-01-20,Eggs,Frozen Eggs,2776000.0,2603000.0,173000.0,7.0
2020-01-20,Turkey,Processed Turkeys,51185000.0,40792000.0,10393000.0,25.0
2020-01-27,Chicken,Processed Other Poultry,97322000.0,91685000.0,5637000.0,6.0
2020-01-27,Eggs,Frozen Eggs,2811000.0,2603000.0,208000.0,8.0
2020-01-27,Turkey,Processed Turkeys,51741000.0,40792000.0,10949000.0,27.0
2020-02-03,Chicken,Processed Other Poultry,97689000.0,97689000.0,0.0,0.0
2020-02-03,Eggs,Frozen Eggs,2869000.0,2869000.0,0.0,0.0
2020-02-03,Turkey,Processed Turkeys,54680000.0,54680000.0,0.0,0.0
2020-02-10,Chicken,Processed Other Poultry,99904000.0,97689000.0,2215000.0,2.0
2020-02-10,Eggs,Frozen Eggs,2841000.0,2869000.0,-28000.0,-1.0
2020-02-10,Turkey,Processed Turkeys,57029000.0,54680000.0,2349000.0,4.0
2020-02-17,Chicken,Processed Other Poultry,100868000.0,97689000.0,3179000.0,3.0
2020-02-17,Eggs,Frozen Eggs,2806000.0,2869000.0,-63000.0,-2.0
2020-02-17,Turkey,Processed Turkeys,61917000.0,54680000.0,7237000.0,13.0
2020-02-24,Chicken,Processed Other Poultry,100214000.0,97689000.0,2525000.0,3.0
2020-02-24,Eggs,Frozen Eggs,2879000.0,2869000.0,10000.0,0.0
2020-02-24,Turkey,Processed Turkeys,64533000.0,54680000.0,9853000.0,18.0
2020-03-02,Chicken,Processed Other Poultry,98654000.0,98654000.0,0.0,0.0
2020-03-02,Eggs,Frozen Eggs,2783000.0,2783000.0,0.0,0.0
2020-03-02,Turkey,Processed Turkeys,67488000.0,67488000.0,0.0,0.0
2020-03-09,Chicken,Processed Other Poultry,100910000.0,98654000.0,2256000.0,2.0
2020-03-09,Eggs,Frozen Eggs,2769000.0,2783000.0,-14000.0,-1.0
2020-03-09,Turkey,Processed Turkeys,70744000.0,67488000.0,3256000.0,5.0
2020-03-16,Chicken,Processed Other Poultry,99790000.0,98654000.0,1136000.0,1.0
2020-03-16,Eggs,Frozen Eggs,2719000.0,2783000.0,-64000.0,-2.0
2020-03-16,Turkey,Processed Turkeys,70936000.0,67488000.0,3448000.0,5.0
2020-03-23,Chicken,Processed Other Poultry,96275000.0,98654000.0,-2379000.0,-2.0
2020-03-23,Eggs,Frozen Eggs,2824000.0,2783000.0,41000.0,1.0
2020-03-23,Turkey,Processed Turkeys,73196000.0,67488000.0,5708000.0,8.0
2020-03-30,Chicken,Processed Other Poultry,99951000.0,98654000.0,1297000.0,1.0
2020-03-30,Eggs,Frozen Eggs,2797000.0,2783000.0,14000.0,1.0
2020-03-30,Turkey,Processed Turkeys,73334000.0,67488000.0,5846000.0,9.0
2020-04-06,Chicken,Processed Other Poultry,105368000.0,102118000.0,3250000.0,3.0
2020-04-06,Eggs,Frozen Eggs,2817000.0,2805000.0,12000.0,0.0
2020-04-06,Turkey,Processed Turkeys,75659000.0,74264000.0,1395000.0,2.0
2020-04-13,Chicken,Processed Other Poultry,112064000.0,102118000.0,9946000.0,10.0
2020-04-13,Eggs,Frozen Eggs,2804000.0,2805000.0,-1000.0,0.0
2020-04-13,Turkey,Processed Turkeys,79077000.0,74264000.0,4813000.0,6.0
2020-04-20,Chicken,Processed Other Poultry,111368000.0,102118000.0,9250000.0,9.0
2020-04-20,Eggs,Frozen Eggs,2887000.0,2805000.0,82000.0,3.0
2020-04-20,Turkey,Processed Turkeys,81918000.0,74264000.0,7654000.0,10.0
2020-04-27,Chicken,Processed Other Poultry,105850000.0,102118000.0,3732000.0,4.0
2020-04-27,Eggs,Frozen Eggs,2813000.0,2805000.0,8000.0,0.0
2020-04-27,Turkey,Processed Turkeys,83037000.0,74264000.0,8773000.0,12.0
2020-05-04,Chicken,Processed Other Poultry,101489000.0,102361000.0,-872000.0,-1.0
2020-05-04,Eggs,Frozen Eggs,2768000.0,2777000.0,-9000.0,0.0
2020-05-04,Turkey,Processed Turkeys,86077000.0,85469000.0,608000.0,1.0
2020-05-11,Chicken,Processed Other Poultry,95688000.0,102361000.0,-6673000.0,-7.0
2020-05-11,Eggs,Frozen Eggs,2646000.0,2777000.0,-131000.0,-5.0
2020-05-11,Turkey,Processed Turkeys,83254000.0,85469000.0,-2215000.0,-3.0
2020-05-18,Chicken,Processed Other Poultry,94380000.0,102361000.0,-7981000.0,-8.0
2020-05-18,Eggs,Frozen Eggs,2648000.0,2777000.0,-129000.0,-5.0
2020-05-18,Turkey,Processed Turkeys,79175000.0,85469000.0,-6294000.0,-7.0
2020-05-25,Chicken,Processed Other Poultry,92626000.0,102361000.0,-9735000.0,-10.0
2020-05-25,Eggs,Frozen Eggs,2607000.0,2777000.0,-170000.0,-6.0
2020-05-25,Turkey,Processed Turkeys,78383000.0,85469000.0,-7086000.0,-8.0
2020-06-01,Chicken,Processed Other Poultry,92315000.0,92315000.0,0.0,0.0
2020-06-01,Eggs,Frozen Eggs,2690000.0,2690000.0,0.0,0.0
2020-06-01,Turkey,Processed Turkeys,80331000.0,80331000.0,0.0,0.0
2020-06-08,Chicken,Processed Other Poultry,93870000.0,92315000.0,1555000.0,2.0
2020-06-08,Eggs,Frozen Eggs,2636000.0,2690000.0,-54000.0,-2.0
2020-06-08,Turkey,Processed Turkeys,82491000.0,80331000.0,2160000.0,3.0
2020-06-15,Chicken,Processed Other Poultry,93085000.0,92315000.0,770000.0,1.0
2020-06-15,Eggs,Frozen Eggs,2641000.0,2690000.0,-49000.0,-2.0
2020-06-15,Turkey,Processed Turkeys,86150000.0,80331000.0,5819000.0,7.0
2020-06-22,Chicken,Processed Other Poultry,94150000.0,92315000.0,1835000.0,2.0
2020-06-22,Eggs,Frozen Eggs,2707000.0,2690000.0,17000.0,1.0
2020-06-22,Turkey,Processed Turkeys,89355000.0,80331000.0,9024000.0,11.0
2020-06-29,Chicken,Processed Other Poultry,94990000.0,92315000.0,2675000.0,3.0
2020-06-29,Eggs,Frozen Eggs,2686000.0,2690000.0,-4000.0,0.0
2020-06-29,Turkey,Processed Turkeys,90125000.0,80331000.0,9794000.0,12.0
2020-07-06,Chicken,Processed Other Poultry,92189000.0,93870000.0,-1681000.0,-2.0
2020-07-06,Eggs,Frozen Eggs,2604000.0,2653000.0,-49000.0,-2.0
2020-07-06,Turkey,Processed Turkeys,93854000.0,91617000.0,2237000.0,2.0
2020-07-13,Chicken,Processed Other Poultry,88463000.0,93870000.0,-5407000.0,-6.0
2020-07-13,Eggs,Frozen Eggs,2641000.0,2653000.0,-12000.0,0.0
2020-07-13,Turkey,Processed Turkeys,93899000.0,91617000.0,2282000.0,2.0
2020-07-20,Chicken,Processed Other Poultry,88932000.0,93870000.0,-4938000.0,-5.0
2020-07-20,Eggs,Frozen Eggs,2618000.0,2653000.0,-35000.0,-1.0
2020-07-20,Turkey,Processed Turkeys,95235000.0,91617000.0,3618000.0,4.0
2020-07-27,Chicken,Processed Other Poultry,89720000.0,93870000.0,-4150000.0,-4.0
2020-07-27,Eggs,Frozen Eggs,2650000.0,2653000.0,-3000.0,0.0
2020-07-27,Turkey,Processed Turkeys,97562000.0,91617000.0,5945000.0,6.0
2020-08-03,Chicken,Processed Other Poultry,88838000.0,88838000.0,0.0,0.0
2020-08-03,Eggs,Frozen Eggs,2587000.0,2587000.0,0.0,0.0
2020-08-03,Turkey,Processed Turkeys,97685000.0,97685000.0,0.0,0.0
2020-08-10,Chicken,Processed Other Poultry,86746000.0,88838000.0,-2092000.0,-2.0
2020-08-10,Eggs,Frozen Eggs,2618000.0,2587000.0,31000.0,1.0
2020-08-10,Turkey,Processed Turkeys,98258000.0,97685000.0,573000.0,1.0
2020-08-17,Chicken,Processed Other Poultry,86532000.0,88838000.0,-2306000.0,-3.0
2020-08-17,Eggs,Frozen Eggs,2556000.0,2587000.0,-31000.0,-1.0
2020-08-17,Turkey,Processed Turkeys,96072000.0,97685000.0,-1613000.0,-2.0
2020-08-24,Chicken,Processed Other Poultry,82398000.0,88838000.0,-6440000.0,-7.0
2020-08-24,Eggs,Frozen Eggs,2596000.0,2587000.0,9000.0,0.0
2020-08-24,Turkey,Processed Turkeys,140297000.0,97685000.0,42612000.0,44.0
2020-08-31,Chicken,Processed Other Poultry,81742000.0,88838000.0,-7096000.0,-8.0
2020-08-31,Eggs,Frozen Eggs,2644000.0,2587000.0,57000.0,2.0
2020-08-31,Turkey,Processed Turkeys,142852000.0,97685000.0,45167000.0,46.0
2020-09-07,Chicken,Processed Other Poultry,82929000.0,81979000.0,950000.0,1.0
2020-09-07,Eggs,Frozen Eggs,2626000.0,2640000.0,-14000.0,-1.0
2020-09-07,Turkey,Processed Turkeys,95442000.0,133370000.0,-37928000.0,-28.0
2020-09-14,Chicken,Processed Other Poultry,82381000.0,81979000.0,402000.0,0.0
2020-09-14,Eggs,Frozen Eggs,2574000.0,2640000.0,-66000.0,-3.0
2020-09-14,Turkey,Processed Turkeys,141053000.0,133370000.0,7683000.0,6.0
2020-09-21,Chicken,Processed Other Poultry,83011000.0,81979000.0,1032000.0,1.0
2020-09-21,Eggs,Frozen Eggs,2581000.0,2640000.0,-59000.0,-2.0
2020-09-21,Turkey,Processed Turkeys,92137000.0,133370000.0,-41233000.0,-31.0
2020-09-28,Chicken,Processed Other Poultry,80645000.0,81979000.0,-1334000.0,-2.0
2020-09-28,Eggs,Frozen Eggs,2598000.0,2640000.0,-42000.0,-2.0
2020-09-28,Turkey,Processed Turkeys,82156000.0,133370000.0,-51214000.0,-38.0
2020-10-05,Chicken,Processed Other Poultry,83180000.0,82166000.0,1014000.0,1.0
2020-10-05,Eggs,Frozen Eggs,2576000.0,2585000.0,-9000.0,0.0
2020-10-05,Turkey,Processed Turkeys,74973000.0,77846000.0,-2873000.0,-4.0
2020-10-12,Chicken,Processed Other Poultry,84330000.0,82166000.0,2164000.0,3.0
2020-10-12,Eggs,Frozen Eggs,2553000.0,2585000.0,-32000.0,-1.0
2020-10-12,Turkey,Processed Turkeys,72815000.0,77846000.0,-5031000.0,-6.0
2020-10-19,Chicken,Processed Other Poultry,87272000.0,82166000.0,5106000.0,6.0
2020-10-19,Eggs,Frozen Eggs,2842000.0,2585000.0,257000.0,10.0
2020-10-19,Turkey,Processed Turkeys,67489000.0,77846000.0,-10357000.0,-13.0
2020-10-26,Chicken,Processed Other Poultry,85594000.0,82166000.0,3428000.0,4.0
2020-10-26,Eggs,Frozen Eggs,2464000.0,2585000.0,-121000.0,-5.0
2020-10-26,Turkey,Processed Turkeys,65389000.0,77846000.0,-12457000.0,-16.0
2020-11-02,Chicken,Processed Other Poultry,86438000.0,86438000.0,0.0,0.0
2020-11-02,Eggs,Frozen Eggs,2464000.0,2464000.0,0.0,0.0
2020-11-02,Turkey,Processed Turkeys,61223000.0,61223000.0,0.0,0.0
2020-11-09,Chicken,Processed Other Poultry,83414000.0,86438000.0,-3024000.0,-3.0
2020-11-09,Eggs,Frozen Eggs,2459000.0,2464000.0,-5000.0,0.0
2020-11-09,Turkey,Processed Turkeys,54912000.0,61223000.0,-6311000.0,-10.0
2020-11-16,Chicken,Processed Other Poultry,80071000.0,86438000.0,-6367000.0,-7.0
2020-11-16,Eggs,Frozen Eggs,2436000.0,2464000.0,-28000.0,-1.0
2020-11-16,Turkey,Processed Turkeys,35797000.0,61223000.0,-25426000.0,-42.0
2020-11-23,Chicken,Processed Other Poultry,83150000.0,86438000.0,-3288000.0,-4.0
2020-11-23,Eggs,Frozen Eggs,2447000.0,2464000.0,-17000.0,-1.0
2020-11-23,Turkey,Processed Turkeys,22346000.0,61223000.0,-38877000.0,-64.0
2020-11-30,Chicken,Processed Other Poultry,83868000.0,86438000.0,-2570000.0,-3.0
2020-11-30,Eggs,Frozen Eggs,2423000.0,2464000.0,-41000.0,-2.0
2020-11-30,Turkey,Processed Turkeys,26642000.0,61223000.0,-34581000.0,-56.0
2020-12-07,Chicken,Processed Other Poultry,79644000.0,83023000.0,-3379000.0,-4.0
2020-12-07,Eggs,Frozen Eggs,2441000.0,2427000.0,14000.0,1.0
2020-12-07,Turkey,Processed Turkeys,30344000.0,27382000.0,2962000.0,11.0
2020-12-14,Chicken,Processed Other Poultry,80702000.0,83023000.0,-2321000.0,-3.0
2020-12-14,Eggs,Frozen Eggs,2418000.0,2427000.0,-9000.0,0.0
2020-12-14,Turkey,Processed Turkeys,29131000.0,27382000.0,1749000.0,6.0
2020-12-21,Chicken,Processed Other Poultry,80022000.0,83023000.0,-3001000.0,-4.0
2020-12-21,Eggs,Frozen Eggs,2428000.0,2427000.0,1000.0,0.0
2020-12-21,Turkey,Processed Turkeys,33107000.0,27382000.0,5725000.0,21.0
2020-12-28,Chicken,Processed Other Poultry,81919000.0,83023000.0,-1104000.0,-1.0
2020-12-28,Eggs,Frozen Eggs,2409000.0,2427000.0,-18000.0,-1.0
2020-12-28,Turkey,Processed Turkeys,34805000.0,27382000.0,7423000.0,27.0
2021-01-04,Chicken,Processed Other Poultry,75070000.0,76440000.0,-1370000.0,-2.0
2021-01-04,Eggs,Frozen Eggs,2432000.0,2427000.0,5000.0,0.0
2021-01-04,Turkey,Processed Turkeys,42124000.0,40660000.0,1464000.0,4.0
2021-01-11,Chicken,Processed Other Poultry,73237000.0,76440000.0,-3203000.0,-4.0
2021-01-11,Eggs,Frozen Eggs,2446000.0,2427000.0,19000.0,1.0
2021-01-11,Turkey,Processed Turkeys,49391000.0,40660000.0,8731000.0,21.0
2021-01-18,Chicken,Processed Other Poultry,72444000.0,76440000.0,-3996000.0,-5.0
2021-01-18,Eggs,Frozen Eggs,2450000.0,2427000.0,23000.0,1.0
2021-01-18,Turkey,Processed Turkeys,51633000.0,40660000.0,10973000.0,27.0
2021-01-25,Chicken,Processed Other Poultry,71500000.0,76440000.0,-4940000.0,-6.0
2021-01-25,Eggs,Frozen Eggs,2422000.0,2427000.0,-5000.0,0.0
2021-01-25,Turkey,Processed Turkeys,55786000.0,40660000.0,15126000.0,37.0
2021-02-01,Chicken,Processed Other Poultry,69094000.0,69094000.0,0.0,0.0
2021-02-01,Eggs,Frozen Eggs,2396000.0,2396000.0,0.0,0.0
2021-02-01,Turkey,Processed Turkeys,58646000.0,58646000.0,0.0,0.0
2021-02-08,Chicken,Processed Other Poultry,69972000.0,69094000.0,878000.0,1.0
2021-02-08,Eggs,Frozen Eggs,2414000.0,2396000.0,18000.0,1.0
2021-02-08,Turkey,Processed Turkeys,61299000.0,58646000.0,2653000.0,5.0
2021-02-15,Chicken,Processed Other Poultry,69433000.0,69094000.0,339000.0,0.0
2021-02-15,Eggs,Frozen Eggs,2399000.0,2396000.0,3000.0,0.0
2021-02-15,Turkey,Processed Turkeys,64254000.0,58646000.0,5608000.0,10.0
2021-02-22,Chicken,Processed Other Poultry,65501000.0,69094000.0,-3593000.0,-5.0
2021-02-22,Eggs,Frozen Eggs,2410000.0,2396000.0,14000.0,1.0
2021-02-22,Turkey,Processed Turkeys,64604000.0,58646000.0,5958000.0,10.0
2021-03-01,Chicken,Processed Other Poultry,64379000.0,64379000.0,0.0,0.0
2021-03-01,Eggs,Frozen Eggs,2389000.0,2389000.0,0.0,0.0
2021-03-01,Turkey,Processed Turkeys,66133000.0,66133000.0,0.0,0.0
2021-03-08,Chicken,Processed Other Poultry,65516000.0,64379000.0,1137000.0,2.0
2021-03-08,Eggs,Frozen Eggs,2404000.0,2389000.0,15000.0,1.0
2021-03-08,Turkey,Processed Turkeys,65012000.0,66133000.0,-1121000.0,-2.0
2021-03-15,Chicken,Processed Other Poultry,65775000.0,64379000.0,1396000.0,2.0
2021-03-15,Eggs,Frozen Eggs,2403000.0,2389000.0,14000.0,1.0
2021-03-15,Turkey,Processed Turkeys,65538000.0,66133000.0,-595000.0,-1.0
2021-03-22,Chicken,Processed Other Poultry,64253000.0,64379000.0,-126000.0,0.0
2021-03-22,Eggs,Frozen Eggs,2422000.0,2389000.0,33000.0,1.0
2021-03-22,Turkey,Processed Turkeys,65905000.0,66133000.0,-228000.0,0.0
2021-03-29,Chicken,Processed Other Poultry,65527000.0,64379000.0,1148000.0,2.0
2021-03-29,Eggs,Frozen Eggs,2415000.0,2389000.0,26000.0,1.0
2021-03-29,Turkey,Processed Turkeys,65688000.0,66133000.0,-445000.0,-1.0
2021-04-05,Chicken,Processed Other Poultry,67590000.0,66765000.0,825000.0,1.0
2021-04-05,Eggs,Frozen Eggs,2392000.0,2401000.0,-9000.0,0.0
2021-04-05,Turkey,Processed Turkeys,64991000.0,65270000.0,-279000.0,0.0
2021-04-12,Chicken,Processed Other Poultry,70127000.0,66765000.0,3362000.0,5.0
2021-04-12,Eggs,Frozen Eggs,2389000.0,2401000.0,-12000.0,0.0
2021-04-12,Turkey,Processed Turkeys,68500000.0,65270000.0,3230000.0,5.0
2021-04-19,Chicken,Processed Other Poultry,69735000.0,66765000.0,2970000.0,4.0
2021-04-19,Eggs,Frozen Eggs,2401000.0,2401000.0,0.0,0.0
2021-04-19,Turkey,Processed Turkeys,68451000.0,65270000.0,3181000.0,5.0
2021-04-26,Chicken,Processed Other Poultry,72851000.0,66765000.0,6086000.0,9.0
2021-04-26,Eggs,Frozen Eggs,2352000.0,2401000.0,-49000.0,-2.0
2021-04-26,Turkey,Processed Turkeys,65881000.0,65270000.0,611000.0,1.0
2021-05-03,Chicken,Processed Other Poultry,73570000.0,73570000.0,0.0,0.0
2021-05-03,Eggs,Frozen Eggs,2363000.0,2363000.0,0.0,0.0
2021-05-03,Turkey,Processed Turkeys,64484000.0,64484000.0,0.0,0.0
2021-05-10,Chicken,Processed Other Poultry,74917000.0,73570000.0,1347000.0,2.0
2021-05-10,Eggs,Frozen Eggs,2406000.0,2363000.0,43000.0,2.0
2021-05-10,Turkey,Processed Turkeys,65174000.0,64484000.0,690000.0,1.0
2021-05-17,Chicken,Processed Other Poultry,76682000.0,73570000.0,3112000.0,4.0
2021-05-17,Eggs,Frozen Eggs,2399000.0,2363000.0,36000.0,2.0
2021-05-17,Turkey,Processed Turkeys,65631000.0,64484000.0,1147000.0,2.0
2021-05-24,Chicken,Processed Other Poultry,76565000.0,73570000.0,2995000.0,4.0
2021-05-24,Eggs,Frozen Eggs,2413000.0,2363000.0,50000.0,2.0
2021-05-24,Turkey,Processed Turkeys,67099000.0,64484000.0,2615000.0,4.0
2021-05-31,Chicken,Processed Other Poultry,78184000.0,73570000.0,4614000.0,6.0
2021-05-31,Eggs,Frozen Eggs,2507000.0,2363000.0,144000.0,6.0
2021-05-31,Turkey,Processed Turkeys,68158000.0,64484000.0,3674000.0,6.0
2021-06-07,Chicken,Processed Other Poultry,79305000.0,78408000.0,897000.0,1.0
2021-06-07,Eggs,Frozen Eggs,2481000.0,2502000.0,-21000.0,-1.0
2021-06-07,Turkey,Processed Turkeys,68907000.0,68308000.0,599000.0,1.0
2021-06-14,Chicken,Processed Other Poultry,80419000.0,78408000.0,2011000.0,3.0
2021-06-14,Eggs,Frozen Eggs,2456000.0,2502000.0,-46000.0,-2.0
2021-06-14,Turkey,Processed Turkeys,67794000.0,68308000.0,-514000.0,-1.0
2021-06-21,Chicken,Processed Other Poultry,81112000.0,78408000.0,2704000.0,3.0
2021-06-21,Eggs,Frozen Eggs,2430000.0,2502000.0,-72000.0,-3.0
2021-06-21,Turkey,Processed Turkeys,68405000.0,68308000.0,97000.0,0.0
2021-06-28,Chicken,Processed Other Poultry,80585000.0,78408000.0,2177000.0,3.0
2021-06-28,Eggs,Frozen Eggs,2442000.0,2502000.0,-60000.0,-2.0
2021-06-28,Turkey,Processed Turkeys,68242000.0,68308000.0,-66000.0,0.0
2021-07-05,Chicken,Processed Other Poultry,81224000.0,80968000.0,256000.0,0.0
2021-07-05,Eggs,Frozen Eggs,2421000.0,2429000.0,-8000.0,0.0
2021-07-05,Turkey,Processed Turkeys,69673000.0,69101000.0,572000.0,1.0
2021-07-12,Chicken,Processed Other Poultry,80780000.0,80968000.0,-188000.0,0.0
2021-07-12,Eggs,Frozen Eggs,2455000.0,2429000.0,26000.0,1.0
2021-07-12,Turkey,Processed Turkeys,69768000.0,69101000.0,667000.0,1.0
2021-07-19,Chicken,Processed Other Poultry,80012000.0,80968000.0,-956000.0,-1.0
2021-07-19,Eggs,Frozen Eggs,2420000.0,2429000.0,-9000.0,0.0
2021-07-19,Turkey,Processed Turkeys,68475000.0,69101000.0,-626000.0,-1.0
2021-07-26,Chicken,Processed Other Poultry,79581000.0,80968000.0,-1387000.0,-2.0
2021-07-26,Eggs,Frozen Eggs,2415000.0,2429000.0,-14000.0,-1.0
2021-07-26,Turkey,Processed Turkeys,68894000.0,69101000.0,-207000.0,0.0
2021-08-02,Chicken,Processed Other Poultry,79371000.0,79371000.0,0.0,0.0
2021-08-02,Eggs,Frozen Eggs,2387000.0,2387000.0,0.0,0.0
2021-08-02,Turkey,Processed Turkeys,68106000.0,68106000.0,0.0,0.0
2021-08-09,Chicken,Processed Other Poultry,77029000.0,79371000.0,-2342000.0,-3.0
2021-08-09,Eggs,Frozen Eggs,2396000.0,2387000.0,9000.0,0.0
2021-08-09,Turkey,Processed Turkeys,68598000.0,68106000.0,492000.0,1.0
2021-08-16,Chicken,Processed Other Poultry,74185000.0,79371000.0,-5186000.0,-7.0
2021-08-16,Eggs,Frozen Eggs,2409000.0,2387000.0,22000.0,1.0
2021-08-16,Turkey,Processed Turkeys,69537000.0,68106000.0,1431000.0,2.0
2021-08-23,Chicken,Processed Other Poultry,73863000.0,79371000.0,-5508000.0,-7.0
2021-08-23,Eggs,Frozen Eggs,2384000.0,2387000.0,-3000.0,0.0
2021-08-23,Turkey,Processed Turkeys,70485000.0,68106000.0,2379000.0,3.0
2021-08-30,Chicken,Processed Other Poultry,74229000.0,79371000.0,-5142000.0,-6.0
2021-08-30,Eggs,Frozen Eggs,2419000.0,2387000.0,32000.0,1.0
2021-08-30,Turkey,Processed Turkeys,69950000.0,68106000.0,1844000.0,3.0
2021-09-06,Chicken,Processed Other Poultry,72538000.0,73553000.0,-1015000.0,-1.0
2021-09-06,Eggs,Frozen Eggs,2443000.0,2429000.0,14000.0,1.0
2021-09-06,Turkey,Processed Turkeys,69880000.0,69922000.0,-42000.0,0.0
2021-09-13,Chicken,Processed Other Poultry,71984000.0,73553000.0,-1569000.0,-2.0
2021-09-13,Eggs,Frozen Eggs,2385000.0,2429000.0,-44000.0,-2.0
2021-09-13,Turkey,Processed Turkeys,69507000.0,69922000.0,-415000.0,-1.0
2021-09-20,Chicken,Processed Other Poultry,72661000.0,73553000.0,-892000.0,-1.0
2021-09-20,Eggs,Frozen Eggs,2438000.0,2429000.0,9000.0,0.0
2021-09-20,Turkey,Processed Turkeys,69406000.0,69922000.0,-516000.0,-1.0
2021-09-27,Chicken,Processed Other Poultry,72899000.0,73553000.0,-654000.0,-1.0
2021-09-27,Eggs,Frozen Eggs,2374000.0,2429000.0,-55000.0,-2.0
2021-09-27,Turkey,Processed Turkeys,67607000.0,69922000.0,-2315000.0,-3.0
2021-10-04,Chicken,Processed Other Poultry,72099000.0,72259000.0,-160000.0,0.0
2021-10-04,Eggs,Frozen Eggs,2411000.0,2404000.0,7000.0,0.0
2021-10-04,Turkey,Processed Turkeys,66133000.0,66428000.0,-295000.0,0.0
2021-10-11,Chicken,Processed Other Poultry,70798000.0,72259000.0,-1461000.0,-2.0
2021-10-11,Eggs,Frozen Eggs,2367000.0,2404000.0,-37000.0,-2.0
2021-10-11,Turkey,Processed Turkeys,62581000.0,66428000.0,-3847000.0,-6.0
2021-10-18,Chicken,Processed Other Poultry,69461000.0,72259000.0,-2798000.0,-4.0
2021-10-18,Eggs,Frozen Eggs,2404000.0,2404000.0,0.0,0.0
2021-10-18,Turkey,Processed Turkeys,57278000.0,66428000.0,-9150000.0,-14.0
2021-10-25,Chicken,Processed Other Poultry,67177000.0,72259000.0,-5082000.0,-7.0
2021-10-25,Eggs,Frozen Eggs,2420000.0,2404000.0,16000.0,1.0
2021-10-25,Turkey,Processed Turkeys,57317000.0,66428000.0,-9111000.0,-14.0
2021-11-01,Chicken,Processed Other Poultry,62692000.0,62692000.0,0.0,0.0
2021-11-01,Eggs,Frozen Eggs,2411000.0,2411000.0,0.0,0.0
2021-11-01,Turkey,Processed Turkeys,54699000.0,54699000.0,0.0,0.0
2021-11-08,Chicken,Processed Other Poultry,61414000.0,62692000.0,-1278000.0,-2.0
2021-11-08,Eggs,Frozen Eggs,2451000.0,2411000.0,40000.0,2.0
2021-11-08,Turkey,Processed Turkeys,48752000.0,54699000.0,-5947000.0,-11.0
2021-11-15,Chicken,Processed Other Poultry,58978000.0,62692000.0,-3714000.0,-6.0
2021-11-15,Eggs,Frozen Eggs,2431000.0,2411000.0,20000.0,1.0
2021-11-15,Turkey,Processed Turkeys,41058000.0,54699000.0,-13641000.0,-25.0
2021-11-22,Chicken,Processed Other Poultry,55226000.0,62692000.0,-7466000.0,-12.0
2021-11-22,Eggs,Frozen Eggs,2484000.0,2411000.0,73000.0,3.0
2021-11-22,Turkey,Processed Turkeys,33784000.0,54699000.0,-20915000.0,-38.0
2021-11-29,Chicken,Processed Other Poultry,56632000.0,62692000.0,-6060000.0,-10.0
2021-11-29,Eggs,Frozen Eggs,2469000.0,2411000.0,58000.0,2.0
2021-11-29,Turkey,Processed Turkeys,37470000.0,54699000.0,-17229000.0,-31.0
2021-12-06,Chicken,Processed Other Poultry,55245000.0,56077000.0,-832000.0,-1.0
2021-12-06,Eggs,Frozen Eggs,2450000.0,2461000.0,-11000.0,0.0
2021-12-06,Turkey,Processed Turkeys,37241000.0,37378000.0,-137000.0,0.0
2021-12-13,Chicken,Processed Other Poultry,56520000.0,56077000.0,443000.0,1.0
2021-12-13,Eggs,Frozen Eggs,2469000.0,2461000.0,8000.0,0.0
2021-12-13,Turkey,Processed Turkeys,38248000.0,37378000.0,870000.0,2.0
2021-12-20,Chicken,Processed Other Poultry,55416000.0,56077000.0,-661000.0,-1.0
2021-12-20,Eggs,Frozen Eggs,2419000.0,2461000.0,-42000.0,-2.0
2021-12-20,Turkey,Processed Turkeys,40269000.0,37378000.0,2891000.0,8.0
2021-12-27,Chicken,Processed Other Poultry,56816000.0,56077000.0,739000.0,1.0
2021-12-27,Eggs,Frozen Eggs,2436000.0,2461000.0,-25000.0,-1.0
2021-12-27,Turkey,Processed Turkeys,41749000.0,37378000.0,4371000.0,12.0
2022-01-03,Chicken,Processed Other Poultry,54836000.0,54836000.0,0.0,0.0
2022-01-03,Eggs,Frozen Eggs,2391000.0,2391000.0,0.0,0.0
2022-01-03,Turkey,Processed Turkeys,42969000.0,42969000.0,0.0,0.0
2022-01-10,Chicken,Processed Other Poultry,57496000.0,54836000.0,2660000.0,5.0
2022-01-10,Eggs,Frozen Eggs,2417000.0,2391000.0,26000.0,1.0
2022-01-10,Turkey,Processed Turkeys,62267000.0,42969000.0,19298000.0,45.0
2022-01-17,Chicken,Processed Other Poultry,59560000.0,54836000.0,4724000.0,9.0
2022-01-17,Eggs,Frozen Eggs,2398000.0,2391000.0,7000.0,0.0
2022-01-17,Turkey,Processed Turkeys,46531000.0,42969000.0,3562000.0,8.0
2022-01-24,Chicken,Processed Other Poultry,60781000.0,54836000.0,5945000.0,11.0
2022-01-24,Eggs,Frozen Eggs,2417000.0,2391000.0,26000.0,1.0
2022-01-24,Turkey,Processed Turkeys,48341000.0,42969000.0,5372000.0,13.0
2022-01-31,Chicken,Processed Other Poultry,62028000.0,54836000.0,7192000.0,13.0
2022-01-31,Eggs,Frozen Eggs,2390000.0,2391000.0,-1000.0,0.0
2022-01-31,Turkey,Processed Turkeys,49879000.0,42969000.0,6910000.0,16.0
2022-02-07,Chicken,Processed Other Poultry,63772000.0,62377000.0,1395000.0,2.0
2022-02-07,Eggs,Frozen Eggs,2417000.0,2395000.0,22000.0,1.0
2022-02-07,Turkey,Processed Turkeys,51360000.0,50175000.0,1185000.0,2.0
2022-02-14,Chicken,Processed Other Poultry,60460000.0,62377000.0,-1917000.0,-3.0
2022-02-14,Eggs,Frozen Eggs,2436000.0,2395000.0,41000.0,2.0
2022-02-14,Turkey,Processed Turkeys,57777000.0,50175000.0,7602000.0,15.0
2022-02-21,Chicken,Processed Other Poultry,61016000.0,62377000.0,-1361000.0,-2.0
2022-02-21,Eggs,Frozen Eggs,2458000.0,2395000.0,63000.0,3.0
2022-02-21,Turkey,Processed Turkeys,61029000.0,50175000.0,10854000.0,22.0
2022-02-28,Chicken,Processed Other Poultry,60700000.0,62377000.0,-1677000.0,-3.0
2022-02-28,Eggs,Frozen Eggs,2434000.0,2395000.0,39000.0,2.0
2022-02-28,Turkey,Processed Turkeys,63574000.0,50175000.0,13399000.0,27.0
2022-03-07,Chicken,Processed Other Poultry,61839000.0,60928000.0,911000.0,1.0
2022-03-07,Eggs,Frozen Eggs,2427000.0,2433000.0,-6000.0,0.0
2022-03-07,Turkey,Processed Turkeys,65060000.0,63871000.0,1189000.0,2.0
2022-03-14,Chicken,Processed Other Poultry,62271000.0,60928000.0,1343000.0,2.0
2022-03-14,Eggs,Frozen Eggs,2376000.0,2433000.0,-57000.0,-2.0
2022-03-14,Turkey,Processed Turkeys,65149000.0,63871000.0,1278000.0,2.0
2022-03-21,Chicken,Processed Other Poultry,63050000.0,60928000.0,2122000.0,3.0
2022-03-21,Eggs,Frozen Eggs,2397000.0,2433000.0,-36000.0,-1.0
2022-03-21,Turkey,Processed Turkeys,66091000.0,63871000.0,2220000.0,3.0
2022-03-28,Chicken,Processed Other Poultry,63130000.0,60928000.0,2202000.0,4.0
2022-03-28,Eggs,Frozen Eggs,2355000.0,2433000.0,-78000.0,-3.0
2022-03-28,Turkey,Processed Turkeys,67698000.0,63871000.0,3827000.0,6.0
2022-04-04,Chicken,Processed Other Poultry,63050000.0,63066000.0,-16000.0,0.0
2022-04-04,Eggs,Frozen Eggs,2402000.0,2393000.0,9000.0,0.0
2022-04-04,Turkey,Processed Turkeys,67818000.0,67794000.0,24000.0,0.0
2022-04-11,Chicken,Processed Other Poultry,62665000.0,63066000.0,-401000.0,-1.0
2022-04-11,Eggs,Frozen Eggs,2498000.0,2393000.0,105000.0,4.0
2022-04-11,Turkey,Processed Turkeys,68019000.0,67794000.0,225000.0,0.0
2022-04-18,Chicken,Processed Other Poultry,62164000.0,63066000.0,-902000.0,-1.0
2022-04-18,Eggs,Frozen Eggs,2435000.0,2393000.0,42000.0,2.0
2022-04-18,Turkey,Processed Turkeys,69516000.0,67794000.0,1722000.0,3.0
2022-04-25,Chicken,Processed Other Poultry,61584000.0,63066000.0,-1482000.0,-2.0
2022-04-25,Eggs,Frozen Eggs,2487000.0,2393000.0,94000.0,4.0
2022-04-25,Turkey,Processed Turkeys,70044000.0,67794000.0,2250000.0,3.0
2022-05-02,Chicken,Processed Other Poultry,59731000.0,59731000.0,0.0,0.0
2022-05-02,Eggs,Frozen Eggs,2500000.0,2500000.0,0.0,0.0
2022-05-02,Turkey,Processed Turkeys,69342000.0,69342000.0,0.0,0.0
2022-05-09,Chicken,Processed Other Poultry,57996000.0,59731000.0,-1735000.0,-3.0
2022-05-09,Eggs,Frozen Eggs,2514000.0,2500000.0,14000.0,1.0
2022-05-09,Turkey,Processed Turkeys,71143000.0,69342000.0,1801000.0,3.0
2022-05-16,Chicken,Processed Other Poultry,56779000.0,59731000.0,-2952000.0,-5.0
2022-05-16,Eggs,Frozen Eggs,2482000.0,2500000.0,-18000.0,-1.0
2022-05-16,Turkey,Processed Turkeys,71844000.0,69342000.0,2502000.0,4.0
2022-05-23,Chicken,Processed Other Poultry,57168000.0,59731000.0,-2563000.0,-4.0
2022-05-23,Eggs,Frozen Eggs,2499000.0,2500000.0,-1000.0,0.0
2022-05-23,Turkey,Processed Turkeys,72053000.0,69342000.0,2711000.0,4.0
2022-05-30,Chicken,Processed Other Poultry,57464000.0,59731000.0,-2267000.0,-4.0
2022-05-30,Eggs,Frozen Eggs,2477000.0,2500000.0,-23000.0,-1.0
2022-05-30,Turkey,Processed Turkeys,73523000.0,69342000.0,4181000.0,6.0
2022-06-06,Chicken,Processed Other Poultry,56334000.0,57012000.0,-678000.0,-1.0
2022-06-06,Eggs,Frozen Eggs,2546000.0,2505000.0,41000.0,2.0
2022-06-06,Turkey,Processed Turkeys,73175000.0,73384000.0,-209000.0,0.0
2022-06-13,Chicken,Processed Other Poultry,56470000.0,57012000.0,-542000.0,-1.0
2022-06-13,Eggs,Frozen Eggs,2559000.0,2505000.0,54000.0,2.0
2022-06-13,Turkey,Processed Turkeys,72934000.0,73384000.0,-450000.0,-1.0
2022-06-20,Chicken,Processed Other Poultry,57160000.0,57012000.0,148000.0,0.0
2022-06-20,Eggs,Frozen Eggs,2529000.0,2505000.0,24000.0,1.0
2022-06-20,Turkey,Processed Turkeys,73243000.0,73384000.0,-141000.0,0.0
2022-06-27,Chicken,Processed Other Poultry,58066000.0,57012000.0,1054000.0,2.0
2022-06-27,Eggs,Frozen Eggs,2525000.0,2505000.0,20000.0,1.0
2022-06-27,Turkey,Processed Turkeys,74734000.0,73384000.0,1350000.0,2.0
2022-07-04,Chicken,Processed Other Poultry,57082000.0,57279000.0,-197000.0,0.0
2022-07-04,Eggs,Frozen Eggs,2526000.0,2526000.0,0.0,0.0
2022-07-04,Turkey,Processed Turkeys,85404000.0,83270000.0,2134000.0,3.0
2022-07-11,Chicken,Processed Other Poultry,56648000.0,57279000.0,-631000.0,-1.0
2022-07-11,Eggs,Frozen Eggs,2508000.0,2526000.0,-18000.0,-1.0
2022-07-11,Turkey,Processed Turkeys,82872000.0,83270000.0,-398000.0,0.0
2022-07-18,Chicken,Processed Other Poultry,58115000.0,57279000.0,836000.0,1.0
2022-07-18,Eggs,Frozen Eggs,2505000.0,2526000.0,-21000.0,-1.0
2022-07-18,Turkey,Processed Turkeys,81970000.0,83270000.0,-1300000.0,-2.0
2022-07-25,Chicken,Processed Other Poultry,58479000.0,57279000.0,1200000.0,2.0
2022-07-25,Eggs,Frozen Eggs,2522000.0,2526000.0,-4000.0,0.0
2022-07-25,Turkey,Processed Turkeys,83077000.0,83270000.0,-193000.0,0.0
2022-08-01,Chicken,Processed Other Poultry,60173000.0,60173000.0,0.0,0.0
2022-08-01,Eggs,Frozen Eggs,2498000.0,2498000.0,0.0,0.0
2022-08-01,Turkey,Processed Turkeys,83711000.0,83711000.0,0.0,0.0
2022-08-08,Chicken,Processed Other Poultry,63056000.0,60173000.0,2883000.0,5.0
2022-08-08,Eggs,Frozen Eggs,2478000.0,2498000.0,-20000.0,-1.0
2022-08-08,Turkey,Processed Turkeys,83035000.0,83711000.0,-676000.0,-1.0
2022-08-15,Chicken,Processed Other Poultry,63343000.0,60173000.0,3170000.0,5.0
2022-08-15,Eggs,Frozen Eggs,2474000.0,2498000.0,-24000.0,-1.0
2022-08-15,Turkey,Processed Turkeys,81709000.0,83711000.0,-2002000.0,-2.0
2022-08-22,Chicken,Processed Other Poultry,65510000.0,60173000.0,5337000.0,9.0
2022-08-22,Eggs,Frozen Eggs,2492000.0,2498000.0,-6000.0,0.0
2022-08-22,Turkey,Processed Turkeys,79854000.0,83711000.0,-3857000.0,-5.0
2022-08-29,Chicken,Processed Other Poultry,64142000.0,60173000.0,3969000.0,7.0
2022-08-29,Eggs,Frozen Eggs,2503000.0,2498000.0,5000.0,0.0
2022-08-29,Turkey,Processed Turkeys,78966000.0,83711000.0,-4745000.0,-6.0
2022-09-05,Chicken,Processed Other Poultry,65010000.0,64663000.0,347000.0,1.0
2022-09-05,Eggs,Frozen Eggs,2487000.0,2493000.0,-6000.0,0.0
2022-09-05,Turkey,Processed Turkeys,80494000.0,79883000.0,611000.0,1.0
2022-09-12,Chicken,Processed Other Poultry,66070000.0,64663000.0,1407000.0,2.0
2022-09-12,Eggs,Frozen Eggs,2497000.0,2493000.0,4000.0,0.0
2022-09-12,Turkey,Processed Turkeys,80230000.0,79883000.0,347000.0,0.0
2022-09-19,Chicken,Processed Other Poultry,65224000.0,64663000.0,561000.0,1.0
2022-09-19,Eggs,Frozen Eggs,2508000.0,2493000.0,15000.0,1.0
2022-09-19,Turkey,Processed Turkeys,80382000.0,79883000.0,499000.0,1.0
2022-09-26,Chicken,Processed Other Poultry,67835000.0,64663000.0,3172000.0,5.0
2022-09-26,Eggs,Frozen Eggs,2450000.0,2493000.0,-43000.0,-2.0
2022-09-26,Turkey,Processed Turkeys,78268000.0,79883000.0,-1615000.0,-2.0
2022-10-03,Chicken,Processed Other Poultry,68517000.0,68517000.0,0.0,0.0
2022-10-03,Eggs,Frozen Eggs,2427000.0,2427000.0,0.0,0.0
2022-10-03,Turkey,Processed Turkeys,77816000.0,77816000.0,0.0,0.0
2022-10-10,Chicken,Processed Other Poultry,70089000.0,68517000.0,1572000.0,2.0
2022-10-10,Eggs,Frozen Eggs,2440000.0,2427000.0,13000.0,1.0
2022-10-10,Turkey,Processed Turkeys,75992000.0,77816000.0,-1824000.0,-2.0
2022-10-17,Chicken,Processed Other Poultry,71334000.0,68517000.0,2817000.0,4.0
2022-10-17,Eggs,Frozen Eggs,2393000.0,2427000.0,-34000.0,-1.0
2022-10-17,Turkey,Processed Turkeys,72339000.0,77816000.0,-5477000.0,-7.0
2022-10-24,Chicken,Processed Other Poultry,69183000.0,68517000.0,666000.0,1.0
2022-10-24,Eggs,Frozen Eggs,2539000.0,2427000.0,112000.0,5.0
2022-10-24,Turkey,Processed Turkeys,66228000.0,77816000.0,-11588000.0,-15.0
2022-10-31,Chicken,Processed Other Poultry,61627000.0,68517000.0,-6890000.0,-10.0
2022-10-31,Eggs,Frozen Eggs,2447000.0,2427000.0,20000.0,1.0
2022-10-31,Turkey,Processed Turkeys,62111000.0,77816000.0,-15705000.0,-20.0
2022-11-07,Chicken,Processed Other Poultry,63852000.0,62072000.0,1780000.0,3.0
2022-11-07,Eggs,Frozen Eggs,2432000.0,2444000.0,-12000.0,0.0
2022-11-07,Turkey,Processed Turkeys,54341000.0,60557000.0,-6216000.0,-10.0
2022-11-14,Chicken,Processed Other Poultry,75080000.0,62072000.0,13008000.0,21.0
2022-11-14,Eggs,Frozen Eggs,2369000.0,2444000.0,-75000.0,-3.0
2022-11-14,Turkey,Processed Turkeys,49620000.0,60557000.0,-10937000.0,-18.0
2022-11-21,Chicken,Processed Other Poultry,77193000.0,62072000.0,15121000.0,24.0
2022-11-21,Eggs,Frozen Eggs,2386000.0,2444000.0,-58000.0,-2.0
2022-11-21,Turkey,Processed Turkeys,43311000.0,60557000.0,-17246000.0,-28.0
2022-11-28,Chicken,Processed Other Poultry,79587000.0,62072000.0,17515000.0,28.0
2022-11-28,Eggs,Frozen Eggs,2380000.0,2444000.0,-64000.0,-3.0
2022-11-28,Turkey,Processed Turkeys,42444000.0,60557000.0,-18113000.0,-30.0
2022-12-05,Chicken,Processed Other Poultry,79439000.0,79498000.0,-59000.0,0.0
2022-12-05,Eggs,Frozen Eggs,2398000.0,2391000.0,7000.0,0.0
2022-12-05,Turkey,Processed Turkeys,42136000.0,42259000.0,-123000.0,0.0
2022-12-12,Chicken,Processed Other Poultry,79134000.0,79498000.0,-364000.0,0.0
2022-12-12,Eggs,Frozen Eggs,2408000.0,2391000.0,17000.0,1.0
2022-12-12,Turkey,Processed Turkeys,45769000.0,42259000.0,3510000.0,8.0
2022-12-19,Chicken,Processed Other Poultry,80768000.0,79498000.0,1270000.0,2.0
2022-12-19,Eggs,Frozen Eggs,2385000.0,2391000.0,-6000.0,0.0
2022-12-19,Turkey,Processed Turkeys,45827000.0,42259000.0,3568000.0,8.0
2022-12-26,Chicken,Processed Other Poultry,77167000.0,79498000.0,-2331000.0,-3.0
2022-12-26,Eggs,Frozen Eggs,2366000.0,2391000.0,-25000.0,-1.0
2022-12-26,Turkey,Processed Turkeys,48541000.0,42259000.0,6282000.0,15.0
2023-01-02,Chicken,Processed Other Poultry,77415000.0,77415000.0,0.0,0.0
2023-01-02,Eggs,Frozen Eggs,2346000.0,2346000.0,0.0,0.0
2023-01-02,Turkey,Processed Turkeys,52027000.0,52027000.0,0.0,0.0
2023-01-09,Chicken,Processed Other Poultry,75457000.0,77415000.0,-1958000.0,-3.0
2023-01-09,Eggs,Frozen Eggs,2361000.0,2346000.0,15000.0,1.0
2023-01-09,Turkey,Processed Turkeys,51632000.0,52027000.0,-395000.0,-1.0
2023-01-16,Chicken,Processed Other Poultry,73102000.0,77415000.0,-4313000.0,-6.0
2023-01-16,Eggs,Frozen Eggs,2346000.0,2346000.0,0.0,0.0
2023-01-16,Turkey,Processed Turkeys,49273000.0,52027000.0,-2754000.0,-5.0
2023-01-23,Chicken,Processed Other Poultry,72259000.0,77415000.0,-5156000.0,-7.0
2023-01-23,Eggs,Frozen Eggs,2378000.0,2346000.0,32000.0,1.0
2023-01-23,Turkey,Processed Turkeys,58029000.0,52027000.0,6002000.0,12.0
2023-01-30,Chicken,Processed Other Poultry,73154000.0,77415000.0,-4261000.0,-6.0
2023-01-30,Eggs,Frozen Eggs,2350000.0,2346000.0,4000.0,0.0
2023-01-30,Turkey,Processed Turkeys,59757000.0,52027000.0,7730000.0,15.0
2023-02-06,Chicken,Processed Other Poultry,72720000.0,72980000.0,-260000.0,0.0
2023-02-06,Eggs,Frozen Eggs,2370000.0,2358000.0,12000.0,1.0
2023-02-06,Turkey,Processed Turkeys,62152000.0,60715000.0,1437000.0,2.0
2023-02-13,Chicken,Processed Other Poultry,71804000.0,72980000.0,-1176000.0,-2.0
2023-02-13,Eggs,Frozen Eggs,2388000.0,2358000.0,30000.0,1.0
2023-02-13,Turkey,Processed Turkeys,61421000.0,60715000.0,706000.0,1.0
2023-02-20,Chicken,Processed Other Poultry,72466000.0,72980000.0,-514000.0,-1.0
2023-02-20,Eggs,Frozen Eggs,2385000.0,2358000.0,27000.0,1.0
2023-02-20,Turkey,Processed Turkeys,67269000.0,60715000.0,6554000.0,11.0
2023-02-27,Chicken,Processed Other Poultry,76034000.0,72980000.0,3054000.0,4.0
2023-02-27,Eggs,Frozen Eggs,2359000.0,2358000.0,1000.0,0.0
2023-02-27,Turkey,Processed Turkeys,64970000.0,60715000.0,4255000.0,7.0
2023-03-06,Chicken,Processed Other Poultry,76479000.0,76212000.0,267000.0,0.0
2023-03-06,Eggs,Frozen Eggs,2377000.0,2366000.0,11000.0,0.0
2023-03-06,Turkey,Processed Turkeys,66407000.0,65545000.0,862000.0,1.0
2023-03-13,Chicken,Processed Other Poultry,77005000.0,76212000.0,793000.0,1.0
2023-03-13,Eggs,Frozen Eggs,2388000.0,2366000.0,22000.0,1.0
2023-03-13,Turkey,Processed Turkeys,66757000.0,65545000.0,1212000.0,2.0
2023-03-20,Chicken,Processed Other Poultry,78889000.0,76212000.0,2677000.0,4.0
2023-03-20,Eggs,Frozen Eggs,2407000.0,2366000.0,41000.0,2.0
2023-03-20,Turkey,Processed Turkeys,66745000.0,65545000.0,1200000.0,2.0
2023-03-27,Chicken,Processed Other Poultry,79891000.0,76212000.0,3679000.0,5.0
2023-03-27,Eggs,Frozen Eggs,2386000.0,2366000.0,20000.0,1.0
2023-03-27,Turkey,Processed Turkeys,65697000.0,65545000.0,152000.0,0.0
2023-04-03,Chicken,Processed Other Poultry,81135000.0,81135000.0,0.0,0.0
2023-04-03,Eggs,Frozen Eggs,2386000.0,2386000.0,0.0,0.0
2023-04-03,Turkey,Processed Turkeys,65419000.0,65419000.0,0.0,0.0
2023-04-10,Chicken,Processed Other Poultry,66880000.0,81135000.0,-14255000.0,-18.0
2023-04-10,Eggs,Frozen Eggs,2424000.0,2386000.0,38000.0,2.0
2023-04-10,Turkey,Processed Turkeys,62121000.0,65419000.0,-3298000.0,-5.0
2023-04-17,Chicken,Processed Other Poultry,81677000.0,81135000.0,542000.0,1.0
2023-04-17,Eggs,Frozen Eggs,2402000.0,2386000.0,16000.0,1.0
2023-04-17,Turkey,Processed Turkeys,67549000.0,65419000.0,2130000.0,3.0
2023-04-24,Chicken,Processed Other Poultry,83051000.0,81135000.0,1916000.0,2.0
2023-04-24,Eggs,Frozen Eggs,2424000.0,2386000.0,38000.0,2.0
2023-04-24,Turkey,Processed Turkeys,66632000.0,65419000.0,1213000.0,2.0
2023-05-01,Chicken,Processed Other Poultry,83563000.0,83563000.0,0.0,0.0
2023-05-01,Eggs,Frozen Eggs,2391000.0,2391000.0,0.0,0.0
2023-05-01,Turkey,Processed Turkeys,67976000.0,67976000.0,0.0,0.0
2023-05-08,Chicken,Processed Other Poultry,84612000.0,83563000.0,1049000.0,1.0
2023-05-08,Eggs,Frozen Eggs,2377000.0,2391000.0,-14000.0,-1.0
2023-05-08,Turkey,Processed Turkeys,71780000.0,67976000.0,3804000.0,6.0
2023-05-15,Chicken,Processed Other Poultry,84671000.0,83563000.0,1108000.0,1.0
2023-05-15,Eggs,Frozen Eggs,2397000.0,2391000.0,6000.0,0.0
2023-05-15,Turkey,Processed Turkeys,69792000.0,67976000.0,1816000.0,3.0
2023-05-22,Chicken,Processed Other Poultry,84424000.0,83563000.0,861000.0,1.0
2023-05-22,Eggs,Frozen Eggs,2529000.0,2391000.0,138000.0,6.0
2023-05-22,Turkey,Processed Turkeys,69201000.0,67976000.0,1225000.0,2.0
2023-05-29,Chicken,Processed Other Poultry,83538000.0,83563000.0,-25000.0,0.0
2023-05-29,Eggs,Frozen Eggs,2506000.0,2391000.0,115000.0,5.0
2023-05-29,Turkey,Processed Turkeys,69891000.0,67976000.0,1915000.0,3.0
2023-06-05,Chicken,Processed Other Poultry,83711000.0,83642000.0,69000.0,0.0
2023-06-05,Eggs,Frozen Eggs,2506000.0,2506000.0,0.0,0.0
2023-06-05,Turkey,Processed Turkeys,69135000.0,69437000.0,-302000.0,0.0
2023-06-12,Chicken,Processed Other Poultry,94441000.0,83642000.0,10799000.0,13.0
2023-06-12,Eggs,Frozen Eggs,2567000.0,2506000.0,61000.0,2.0
2023-06-12,Turkey,Processed Turkeys,68067000.0,69437000.0,-1370000.0,-2.0
2023-06-19,Chicken,Processed Other Poultry,96873000.0,83642000.0,13231000.0,16.0
2023-06-19,Eggs,Frozen Eggs,2592000.0,2506000.0,86000.0,3.0
2023-06-19,Turkey,Processed Turkeys,68636000.0,69437000.0,-801000.0,-1.0
2023-06-26,Chicken,Processed Other Poultry,96200000.0,83642000.0,12558000.0,15.0
2023-06-26,Eggs,Frozen Eggs,2590000.0,2506000.0,84000.0,3.0
2023-06-26,Turkey,Processed Turkeys,71563000.0,69437000.0,2126000.0,3.0
2023-07-03,Chicken,Processed Other Poultry,78568000.0,78568000.0,0.0,0.0
2023-07-03,Eggs,Frozen Eggs,2612000.0,2612000.0,0.0,0.0
2023-07-03,Turkey,Processed Turkeys,74240000.0,74240000.0,0.0,0.0
2023-07-10,Chicken,Processed Other Poultry,75344000.0,78568000.0,-3224000.0,-4.0
2023-07-10,Eggs,Frozen Eggs,2614000.0,2612000.0,2000.0,0.0
2023-07-10,Turkey,Processed Turkeys,87234000.0,74240000.0,12994000.0,18.0
2023-07-17,Chicken,Processed Other Poultry,87852000.0,78568000.0,9284000.0,12.0
2023-07-17,Eggs,Frozen Eggs,2508000.0,2612000.0,-104000.0,-4.0
2023-07-17,Turkey,Processed Turkeys,70817000.0,74240000.0,-3423000.0,-5.0
2023-07-24,Chicken,Processed Other Poultry,86980000.0,78568000.0,8412000.0,11.0
2023-07-24,Eggs,Frozen Eggs,2508000.0,2612000.0,-104000.0,-4.0
2023-07-24,Turkey,Processed Turkeys,70975000.0,74240000.0,-3265000.0,-4.0
2023-07-31,Chicken,Processed Other Poultry,86856000.0,78568000.0,8288000.0,11.0
2023-07-31,Eggs,Frozen Eggs,2508000.0,2612000.0,-104000.0,-4.0
2023-07-31,Turkey,Processed Turkeys,67604000.0,74240000.0,-6636000.0,-9.0
2023-08-07,Chicken,Processed Other Poultry,86387000.0,86762000.0,-375000.0,0.0
2023-08-07,Eggs,Frozen Eggs,2545000.0,2515000.0,30000.0,1.0
2023-08-07,Turkey,Processed Turkeys,72570000.0,68597000.0,3973000.0,6.0
2023-08-14,Chicken,Processed Other Poultry,85857000.0,86762000.0,-905000.0,-1.0
2023-08-14,Eggs,Frozen Eggs,2545000.0,2515000.0,30000.0,1.0
2023-08-14,Turkey,Processed Turkeys,72727000.0,68597000.0,4130000.0,6.0
2023-08-21,Chicken,Processed Other Poultry,85154000.0,86762000.0,-1608000.0,-2.0
2023-08-21,Eggs,Frozen Eggs,2545000.0,2515000.0,30000.0,1.0
2023-08-21,Turkey,Processed Turkeys,70616000.0,68597000.0,2019000.0,3.0
2023-08-28,Chicken,Processed Other Poultry,84974000.0,86762000.0,-1788000.0,-2.0
2023-08-28,Eggs,Frozen Eggs,2536000.0,2515000.0,21000.0,1.0
2023-08-28,Turkey,Processed Turkeys,67024000.0,68597000.0,-1573000.0,-2.0
2023-09-04,Chicken,Processed Other Poultry,82565000.0,83047000.0,-482000.0,-1.0
2023-09-04,Eggs,Frozen Eggs,2536000.0,2536000.0,0.0,0.0
2023-09-04,Turkey,Processed Turkeys,63754000.0,64408000.0,-654000.0,-1.0
2023-09-11,Chicken,Processed Other Poultry,81111000.0,83047000.0,-1936000.0,-2.0
2023-09-11,Eggs,Frozen Eggs,2517000.0,2536000.0,-19000.0,-1.0
2023-09-11,Turkey,Processed Turkeys,63084000.0,64408000.0,-1324000.0,-2.0
2023-09-18,Chicken,Processed Other Poultry,82248000.0,83047000.0,-799000.0,-1.0
2023-09-18,Eggs,Frozen Eggs,2517000.0,2536000.0,-19000.0,-1.0
2023-09-18,Turkey,Processed Turkeys,60638000.0,64408000.0,-3770000.0,-6.0
2023-09-25,Chicken,Processed Other Poultry,81439000.0,83047000.0,-1608000.0,-2.0
2023-09-25,Eggs,Frozen Eggs,2475000.0,2536000.0,-61000.0,-2.0
2023-09-25,Turkey,Processed Turkeys,58992000.0,64408000.0,-5416000.0,-8.0
2023-10-02,Chicken,Processed Other Poultry,81817000.0,81817000.0,0.0,0.0
2023-10-02,Eggs,Frozen Eggs,2436000.0,2436000.0,0.0,0.0
2023-10-02,Turkey,Processed Turkeys,60288000.0,60288000.0,0.0,0.0
2023-10-09,Chicken,Processed Other Poultry,81007000.0,81817000.0,-810000.0,-1.0
2023-10-09,Eggs,Frozen Eggs,2397000.0,2436000.0,-39000.0,-2.0
2023-10-09,Turkey,Processed Turkeys,57208000.0,60288000.0,-3080000.0,-5.0
2023-10-16,Chicken,Processed Other Poultry,78271000.0,81817000.0,-3546000.0,-4.0
2023-10-16,Eggs,Frozen Eggs,2397000.0,2436000.0,-39000.0,-2.0
2023-10-16,Turkey,Processed Turkeys,57178000.0,60288000.0,-3110000.0,-5.0
2023-10-23,Chicken,Processed Other Poultry,82214000.0,81817000.0,397000.0,0.0
2023-10-23,Eggs,Frozen Eggs,2397000.0,2436000.0,-39000.0,-2.0
2023-10-23,Turkey,Processed Turkeys,56327000.0,60288000.0,-3961000.0,-7.0
2023-10-30,Chicken,Processed Other Poultry,78883000.0,81817000.0,-2934000.0,-4.0
2023-10-30,Eggs,Frozen Eggs,2393000.0,2436000.0,-43000.0,-2.0
2023-10-30,Turkey,Processed Turkeys,55929000.0,60288000.0,-4359000.0,-7.0
2023-11-06,Chicken,Processed Other Poultry,79357000.0,79073000.0,284000.0,0.0
2023-11-06,Eggs,Frozen Eggs,2393000.0,2393000.0,0.0,0.0
2023-11-06,Turkey,Processed Turkeys,55064000.0,55583000.0,-519000.0,-1.0
2023-11-13,Chicken,Processed Other Poultry,82537000.0,79073000.0,3464000.0,4.0
2023-11-13,Eggs,Frozen Eggs,2393000.0,2393000.0,0.0,0.0
2023-11-13,Turkey,Processed Turkeys,48383000.0,55583000.0,-7200000.0,-13.0
2023-11-20,Chicken,Processed Other Poultry,81663000.0,79073000.0,2590000.0,3.0
2023-11-20,Eggs,Frozen Eggs,2314000.0,2393000.0,-79000.0,-3.0
2023-11-20,Turkey,Processed Turkeys,45082000.0,55583000.0,-10501000.0,-19.0
2023-11-27,Chicken,Processed Other Poultry,81766000.0,79073000.0,2693000.0,3.0
2023-11-27,Eggs,Frozen Eggs,2314000.0,2393000.0,-79000.0,-3.0
2023-11-27,Turkey,Processed Turkeys,45454000.0,55583000.0,-10129000.0,-18.0
2023-12-04,Chicken,Processed Other Poultry,80093000.0,80428000.0,-335000.0,0.0
2023-12-04,Eggs,Frozen Eggs,2314000.0,2314000.0,0.0,0.0
2023-12-04,Turkey,Processed Turkeys,37657000.0,39216000.0,-1559000.0,-4.0
2023-12-11,Chicken,Processed Other Poultry,78174000.0,80428000.0,-2254000.0,-3.0
2023-12-11,Eggs,Frozen Eggs,2313000.0,2314000.0,-1000.0,0.0
2023-12-11,Turkey,Processed Turkeys,43515000.0,39216000.0,4299000.0,11.0
2023-12-18,Chicken,Processed Other Poultry,78956000.0,80428000.0,-1472000.0,-2.0
2023-12-18,Eggs,Frozen Eggs,2313000.0,2314000.0,-1000.0,0.0
2023-12-18,Turkey,Processed Turkeys,46945000.0,39216000.0,7729000.0,20.0
2023-12-25,Chicken,Processed Other Poultry,77926000.0,80428000.0,-2502000.0,-3.0
2023-12-25,Eggs,Frozen Eggs,2313000.0,2314000.0,-1000.0,0.0
2023-12-25,Turkey,Processed Turkeys,48590000.0,39216000.0,9374000.0,24.0
2024-01-01,Chicken,Processed Other Poultry,77922000.0,77922000.0,0.0,0.0
2024-01-01,Eggs,Frozen Eggs,2313000.0,2313000.0,0.0,0.0
2024-01-01,Turkey,Processed Turkeys,50595000.0,50595000.0,0.0,0.0
2024-01-08,Chicken,Processed Other Poultry,77278000.0,77922000.0,-644000.0,-1.0
2024-01-08,Eggs,Frozen Eggs,2313000.0,2313000.0,0.0,0.0
2024-01-08,Turkey,Processed Turkeys,51324000.0,50595000.0,729000.0,1.0
2024-01-15,Chicken,Processed Other Poultry,77382000.0,77922000.0,-540000.0,-1.0
2024-01-15,Eggs,Frozen Eggs,2313000.0,2313000.0,0.0,0.0
2024-01-15,Turkey,Processed Turkeys,55755000.0,50595000.0,5160000.0,10.0
2024-01-22,Chicken,Processed Other Poultry,75562000.0,77922000.0,-2360000.0,-3.0
2024-01-22,Eggs,Frozen Eggs,2425000.0,2313000.0,112000.0,5.0
2024-01-22,Turkey,Processed Turkeys,58733000.0,50595000.0,8138000.0,16.0
2024-01-29,Chicken,Processed Other Poultry,75826000.0,77922000.0,-2096000.0,-3.0
2024-01-29,Eggs,Frozen Eggs,2422000.0,2313000.0,109000.0,5.0
2024-01-29,Turkey,Processed Turkeys,59857000.0,50595000.0,9262000.0,18.0
2024-02-05,Chicken,Processed Other Poultry,76760000.0,76386000.0,374000.0,0.0
2024-02-05,Eggs,Frozen Eggs,2392000.0,2404000.0,-12000.0,0.0
2024-02-05,Turkey,Processed Turkeys,65719000.0,63374000.0,2345000.0,4.0
2024-02-12,Chicken,Processed Other Poultry,74963000.0,76386000.0,-1423000.0,-2.0
2024-02-12,Eggs,Frozen Eggs,2389000.0,2404000.0,-15000.0,-1.0
2024-02-12,Turkey,Processed Turkeys,70984000.0,63374000.0,7610000.0,12.0
2024-02-19,Chicken,Processed Other Poultry,73350000.0,76386000.0,-3036000.0,-4.0
2024-02-19,Eggs,Frozen Eggs,2388000.0,2404000.0,-16000.0,-1.0
2024-02-19,Turkey,Processed Turkeys,75421000.0,63374000.0,12047000.0,19.0
2024-02-26,Chicken,Processed Other Poultry,74757000.0,76386000.0,-1629000.0,-2.0
2024-02-26,Eggs,Frozen Eggs,2394000.0,2404000.0,-10000.0,0.0
2024-02-26,Turkey,Processed Turkeys,76433000.0,63374000.0,13059000.0,21.0
2024-03-04,Chicken,Processed Other Poultry,74318000.0,74406000.0,-88000.0,0.0
2024-03-04,Eggs,Frozen Eggs,2434000.0,2426000.0,8000.0,0.0
2024-03-04,Turkey,Processed Turkeys,77979000.0,77670000.0,309000.0,0.0
2024-03-11,Chicken,Processed Other Poultry,74974000.0,74406000.0,568000.0,1.0
2024-03-11,Eggs,Frozen Eggs,2432000.0,2426000.0,6000.0,0.0
2024-03-11,Turkey,Processed Turkeys,77302000.0,77670000.0,-368000.0,0.0
2024-03-18,Chicken,Processed Other Poultry,73075000.0,74406000.0,-1331000.0,-2.0
2024-03-18,Eggs,Frozen Eggs,2339000.0,2426000.0,-87000.0,-4.0
2024-03-18,Turkey,Processed Turkeys,76912000.0,77670000.0,-758000.0,-1.0
2024-03-25,Chicken,Processed Other Poultry,72737000.0,74406000.0,-1669000.0,-2.0
2024-03-25,Eggs,Frozen Eggs,2334000.0,2426000.0,-92000.0,-4.0
2024-03-25,Turkey,Processed Turkeys,74745000.0,77670000.0,-2925000.0,-4.0
2024-04-01,Chicken,Processed Other Poultry,73325000.0,73325000.0,0.0,0.0
2024-04-01,Eggs,Frozen Eggs,2357000.0,2357000.0,0.0,0.0
2024-04-01,Turkey,Processed Turkeys,74377000.0,74377000.0,0.0,0.0
2024-04-08,Chicken,Processed Other Poultry,71422000.0,73325000.0,-1903000.0,-3.0
2024-04-08,Eggs,Frozen Eggs,2349000.0,2357000.0,-8000.0,0.0
2024-04-08,Turkey,Processed Turkeys,73115000.0,74377000.0,-1262000.0,-2.0
2024-04-15,Chicken,Processed Other Poultry,70094000.0,73325000.0,-3231000.0,-4.0
2024-04-15,Eggs,Frozen Eggs,2349000.0,2357000.0,-8000.0,0.0
2024-04-15,Turkey,Processed Turkeys,76067000.0,74377000.0,1690000.0,2.0
2024-04-22,Chicken,Processed Other Poultry,69987000.0,73325000.0,-3338000.0,-5.0
2024-04-22,Eggs,Frozen Eggs,2371000.0,2357000.0,14000.0,1.0
2024-04-22,Turkey,Processed Turkeys,76068000.0,74377000.0,1691000.0,2.0
2024-04-29,Chicken,Processed Other Poultry,70294000.0,73325000.0,-3031000.0,-4.0
2024-04-29,Eggs,Frozen Eggs,2349000.0,2357000.0,-8000.0,0.0
2024-04-29,Turkey,Processed Turkeys,75102000.0,74377000.0,725000.0,1.0
2024-05-06,Chicken,Processed Other Poultry,68448000.0,69556000.0,-1108000.0,-2.0
2024-05-06,Eggs,Frozen Eggs,2349000.0,2349000.0,0.0,0.0
2024-05-06,Turkey,Processed Turkeys,77715000.0,76147000.0,1568000.0,2.0
2024-05-13,Chicken,Processed Other Poultry,68275000.0,69556000.0,-1281000.0,-2.0
2024-05-13,Eggs,Frozen Eggs,2351000.0,2349000.0,2000.0,0.0
2024-05-13,Turkey,Processed Turkeys,85313000.0,76147000.0,9166000.0,12.0
2024-05-20,Chicken,Processed Other Poultry,67775000.0,69556000.0,-1781000.0,-3.0
2024-05-20,Eggs,Frozen Eggs,2339000.0,2349000.0,-10000.0,0.0
2024-05-20,Turkey,Processed Turkeys,84486000.0,76147000.0,8339000.0,11.0
2024-05-27,Chicken,Processed Other Poultry,66324000.0,69556000.0,-3232000.0,-5.0
2024-05-27,Eggs,Frozen Eggs,2334000.0,2349000.0,-15000.0,-1.0
2024-05-27,Turkey,Processed Turkeys,86934000.0,76147000.0,10787000.0,14.0
2024-06-03,Chicken,Processed Other Poultry,64386000.0,64386000.0,0.0,0.0
2024-06-03,Eggs,Frozen Eggs,2357000.0,2357000.0,0.0,0.0
2024-06-03,Turkey,Processed Turkeys,104702000.0,104702000.0,0.0,0.0
2024-06-10,Chicken,Processed Other Poultry,62482000.0,64386000.0,-1904000.0,-3.0
2024-06-10,Eggs,Frozen Eggs,2370000.0,2357000.0,13000.0,1.0
2024-06-10,Turkey,Processed Turkeys,104995000.0,104702000.0,293000.0,0.0
2024-06-17,Chicken,Processed Other Poultry,62554000.0,64386000.0,-1832000.0,-3.0
2024-06-17,Eggs,Frozen Eggs,2353000.0,2357000.0,-4000.0,0.0
2024-06-17,Turkey,Processed Turkeys,106734000.0,104702000.0,2032000.0,2.0
2024-06-24,Chicken,Processed Other Poultry,62267000.0,64386000.0,-2119000.0,-3.0
2024-06-24,Eggs,Frozen Eggs,2353000.0,2357000.0,-4000.0,0.0
2024-06-24,Turkey,Processed Turkeys,109687000.0,104702000.0,4985000.0,5.0
2024-07-01,Chicken,Processed Other Poultry,58483000.0,58483000.0,0.0,0.0
2024-07-01,Eggs,Frozen Eggs,2351000.0,2351000.0,0.0,0.0
2024-07-01,Turkey,Processed Turkeys,110617000.0,110617000.0,0.0,0.0
2024-07-08,Chicken,Processed Other Poultry,58733000.0,58483000.0,250000.0,0.0
2024-07-08,Eggs,Frozen Eggs,2351000.0,2351000.0,0.0,0.0
2024-07-08,Turkey,Processed Turkeys,109417000.0,110617000.0,-1200000.0,-1.0
2024-07-15,Chicken,Processed Other Poultry,61030000.0,58483000.0,2547000.0,4.0
2024-07-15,Eggs,Frozen Eggs,2351000.0,2351000.0,0.0,0.0
2024-07-15,Turkey,Processed Turkeys,106319000.0,110617000.0,-4298000.0,-4.0
2024-07-22,Chicken,Processed Other Poultry,60984000.0,58483000.0,2501000.0,4.0
2024-07-22,Eggs,Frozen Eggs,2330000.0,2351000.0,-21000.0,-1.0
2024-07-22,Turkey,Processed Turkeys,108276000.0,110617000.0,-2341000.0,-2.0
2024-07-29,Chicken,Processed Other Poultry,62647000.0,58483000.0,4164000.0,7.0
2024-07-29,Eggs,Frozen Eggs,2368000.0,2351000.0,17000.0,1.0
2024-07-29,Turkey,Processed Turkeys,104877000.0,110617000.0,-5740000.0,-5.0
2024-08-05,Chicken,Processed Other Poultry,66487000.0,64951000.0,1536000.0,2.0
2024-08-05,Eggs,Frozen Eggs,2368000.0,2368000.0,0.0,0.0
2024-08-05,Turkey,Processed Turkeys,109794000.0,107827000.0,1967000.0,2.0
2024-08-12,Chicken,Processed Other Poultry,66706000.0,64951000.0,1755000.0,3.0
2024-08-12,Eggs,Frozen Eggs,2368000.0,2368000.0,0.0,0.0
2024-08-12,Turkey,Processed Turkeys,107403000.0,107827000.0,-424000.0,0.0
2024-08-19,Chicken,Processed Other Poultry,67527000.0,64951000.0,2576000.0,4.0
2024-08-19,Eggs,Frozen Eggs,2368000.0,2368000.0,0.0,0.0
2024-08-19,Turkey,Processed Turkeys,108594000.0,107827000.0,767000.0,1.0
2024-08-26,Chicken,Processed Other Poultry,68164000.0,64951000.0,3213000.0,5.0
2024-08-26,Eggs,Frozen Eggs,2325000.0,2368000.0,-43000.0,-2.0
2024-08-26,Turkey,Processed Turkeys,108034000.0,107827000.0,207000.0,0.0
2024-09-02,Chicken,Processed Other Poultry,68226000.0,68226000.0,0.0,0.0
2024-09-02,Eggs,Frozen Eggs,2325000.0,2325000.0,0.0,0.0
2024-09-02,Turkey,Processed Turkeys,108776000.0,108776000.0,0.0,0.0
2024-09-09,Chicken,Processed Other Poultry,64751000.0,68226000.0,-3475000.0,-5.0
2024-09-09,Eggs,Frozen Eggs,2313000.0,2325000.0,-12000.0,-1.0
2024-09-09,Turkey,Processed Turkeys,109320000.0,108776000.0,544000.0,1.0
2024-09-16,Chicken,Processed Other Poultry,65000000.0,68226000.0,-3226000.0,-5.0
2024-09-16,Eggs,Frozen Eggs,2313000.0,2325000.0,-12000.0,-1.0
2024-09-16,Turkey,Processed Turkeys,106051000.0,108776000.0,-2725000.0,-3.0
2024-09-23,Chicken,Processed Other Poultry,63517000.0,68226000.0,-4709000.0,-7.0
2024-09-23,Eggs,Frozen Eggs,2313000.0,2325000.0,-12000.0,-1.0
2024-09-23,Turkey,Processed Turkeys,104892000.0,108776000.0,-3884000.0,-4.0
2024-09-30,Chicken,Processed Other Poultry,64866000.0,68226000.0,-3360000.0,-5.0
2024-09-30,Eggs,Frozen Eggs,2313000.0,2325000.0,-12000.0,-1.0
2024-09-30,Turkey,Processed Turkeys,101038000.0,108776000.0,-7738000.0,-7.0
2024-10-07,Chicken,Processed Other Poultry,65012000.0,64895000.0,117000.0,0.0
2024-10-07,Eggs,Frozen Eggs,2313000.0,2313000.0,0.0,0.0
2024-10-07,Turkey,Processed Turkeys,99005000.0,100631000.0,-1626000.0,-2.0
2024-10-14,Chicken,Processed Other Poultry,66791000.0,64895000.0,1896000.0,3.0
2024-10-14,Eggs,Frozen Eggs,2329000.0,2313000.0,16000.0,1.0
2024-10-14,Turkey,Processed Turkeys,97738000.0,100631000.0,-2893000.0,-3.0
2024-10-21,Chicken,Processed Other Poultry,65827000.0,64895000.0,932000.0,1.0
2024-10-21,Eggs,Frozen Eggs,2315000.0,2313000.0,2000.0,0.0
2024-10-21,Turkey,Processed Turkeys,91265000.0,100631000.0,-9366000.0,-9.0
2024-10-28,Chicken,Processed Other Poultry,66848000.0,64895000.0,1953000.0,3.0
2024-10-28,Eggs,Frozen Eggs,2338000.0,2313000.0,25000.0,1.0
2024-10-28,Turkey,Processed Turkeys,91180000.0,100631000.0,-9451000.0,-9.0
2024-11-04,Chicken,Processed Other Poultry,66070000.0,66226000.0,-156000.0,0.0
2024-11-04,Eggs,Frozen Eggs,2338000.0,2338000.0,0.0,0.0
2024-11-04,Turkey,Processed Turkeys,83860000.0,85324000.0,-1464000.0,-2.0
2024-11-11,Chicken,Processed Other Poultry,65923000.0,66226000.0,-303000.0,0.0
2024-11-11,Eggs,Frozen Eggs,2338000.0,2338000.0,0.0,0.0
2024-11-11,Turkey,Processed Turkeys,78321000.0,85324000.0,-7003000.0,-8.0
2024-11-18,Chicken,Processed Other Poultry,64887000.0,66226000.0,-1339000.0,-2.0
2024-11-18,Eggs,Frozen Eggs,2319000.0,2338000.0,-19000.0,-1.0
2024-11-18,Turkey,Processed Turkeys,70929000.0,85324000.0,-14395000.0,-17.0
2024-11-25,Chicken,Processed Other Poultry,63239000.0,66226000.0,-2987000.0,-5.0
2024-11-25,Eggs,Frozen Eggs,2319000.0,2338000.0,-19000.0,-1.0
2024-11-25,Turkey,Processed Turkeys,64689000.0,85324000.0,-20635000.0,-24.0
2024-12-02,Chicken,Processed Other Poultry,64237000.0,64237000.0,0.0,0.0
2024-12-02,Eggs,Frozen Eggs,2319000.0,2319000.0,0.0,0.0
2024-12-02,Turkey,Processed Turkeys,64979000.0,64979000.0,0.0,0.0
2024-12-09,Chicken,Processed Other Poultry,62832000.0,64237000.0,-1405000.0,-2.0
2024-12-09,Eggs,Frozen Eggs,2319000.0,2319000.0,0.0,0.0
2024-12-09,Turkey,Processed Turkeys,59950000.0,64979000.0,-5029000.0,-8.0
2024-12-16,Chicken,Processed Other Poultry,61118000.0,64237000.0,-3119000.0,-5.0
2024-12-16,Eggs,Frozen Eggs,2319000.0,2319000.0,0.0,0.0
2024-12-16,Turkey,Processed Turkeys,66385000.0,64979000.0,1406000.0,2.0
2024-12-23,Chicken,Processed Other Poultry,58114000.0,64237000.0,-6123000.0,-10.0
2024-12-23,Eggs,Frozen Eggs,2319000.0,2319000.0,0.0,0.0
2024-12-23,Turkey,Processed Turkeys,66926000.0,64979000.0,1947000.0,3.0
2024-12-30,Chicken,Processed Other Poultry,57312000.0,64237000.0,-6925000.0,-11.0
2024-12-30,Eggs,Frozen Eggs,2319000.0,2319000.0,0.0,0.0
2024-12-30,Turkey,Processed Turkeys,66088000.0,64979000.0,1109000.0,2.0
2025-01-06,Chicken,Processed Other Poultry,56389000.0,56943000.0,-554000.0,-1.0
2025-01-06,Eggs,Frozen Eggs,2315000.0,2317000.0,-2000.0,0.0
2025-01-06,Turkey,Processed Turkeys,67817000.0,66780000.0,1037000.0,2.0
2025-01-13,Chicken,Processed Other Poultry,56008000.0,56943000.0,-935000.0,-2.0
2025-01-13,Eggs,Frozen Eggs,2315000.0,2317000.0,-2000.0,0.0
2025-01-13,Turkey,Processed Turkeys,72678000.0,66780000.0,5898000.0,9.0
2025-01-20,Chicken,Processed Other Poultry,56251000.0,56943000.0,-692000.0,-1.0
2025-01-20,Eggs,Frozen Eggs,2315000.0,2317000.0,-2000.0,0.0
2025-01-20,Turkey,Processed Turkeys,75821000.0,66780000.0,9041000.0,14.0
2025-01-27,Chicken,Processed Other Poultry,57025000.0,56943000.0,82000.0,0.0
2025-01-27,Eggs,Frozen Eggs,2315000.0,2317000.0,-2000.0,0.0
2025-01-27,Turkey,Processed Turkeys,79817000.0,66780000.0,13037000.0,20.0
2025-02-03,Chicken,Processed Other Poultry,57745000.0,57745000.0,0.0,0.0
2025-02-03,Eggs,Frozen Eggs,2311000.0,2311000.0,0.0,0.0
2025-02-03,Turkey,Processed Turkeys,81300000.0,81300000.0,0.0,0.0
2025-02-10,Chicken,Processed Other Poultry,56399000.0,57745000.0,-1346000.0,-2.0
2025-02-10,Eggs,Frozen Eggs,2335000.0,2311000.0,24000.0,1.0
2025-02-10,Turkey,Processed Turkeys,80325000.0,81300000.0,-975000.0,-1.0
2025-02-17,Chicken,Processed Other Poultry,56442000.0,57745000.0,-1303000.0,-2.0
2025-02-17,Eggs,Frozen Eggs,2328000.0,2311000.0,17000.0,1.0
2025-02-17,Turkey,Processed Turkeys,81238000.0,81300000.0,-62000.0,0.0
2025-02-24,Chicken,Processed Other Poultry,55277000.0,57745000.0,-2468000.0,-4.0
2025-02-24,Eggs,Frozen Eggs,2323000.0,2311000.0,12000.0,1.0
2025-02-24,Turkey,Processed Turkeys,80652000.0,81300000.0,-648000.0,-1.0
2025-03-03,Chicken,Processed Other Poultry,57315000.0,57315000.0,0.0,0.0
2025-03-03,Eggs,Frozen Eggs,2315000.0,2315000.0,0.0,0.0
2025-03-03,Turkey,Processed Turkeys,83210000.0,83210000.0,0.0,0.0
2025-03-10,Chicken,Processed Other Poultry,58335000.0,57315000.0,1020000.0,2.0
2025-03-10,Eggs,Frozen Eggs,2315000.0,2315000.0,0.0,0.0
2025-03-10,Turkey,Processed Turkeys,84364000.0,83210000.0,1154000.0,1.0
2025-03-17,Chicken,Processed Other Poultry,58013000.0,57315000.0,698000.0,1.0
2025-03-17,Eggs,Frozen Eggs,2315000.0,2315000.0,0.0,0.0
2025-03-17,Turkey,Processed Turkeys,85053000.0,83210000.0,1843000.0,2.0
2025-03-24,Chicken,Processed Other Poultry,57427000.0,57315000.0,112000.0,0.0
2025-03-24,Eggs,Frozen Eggs,2315000.0,2315000.0,0.0,0.0
2025-03-24,Turkey,Processed Turkeys,85633000.0,83210000.0,2423000.0,3.0
2025-03-31,Chicken,Processed Other Poultry,58231000.0,57315000.0,916000.0,2.0
2025-03-31,Eggs,Frozen Eggs,2338000.0,2315000.0,23000.0,1.0
2025-03-31,Turkey,Processed Turkeys,88677000.0,83210000.0,5467000.0,7.0
2025-04-07,Chicken,Processed Other Poultry,58387000.0,58262000.0,125000.0,0.0
2025-04-07,Eggs,Frozen Eggs,2328000.0,2336000.0,-8000.0,0.0
2025-04-07,Turkey,Processed Turkeys,88779000.0,88697000.0,82000.0,0.0
2025-04-14,Chicken,Processed Other Poultry,57930000.0,58262000.0,-332000.0,-1.0
2025-04-14,Eggs,Frozen Eggs,2328000.0,2336000.0,-8000.0,0.0
2025-04-14,Turkey,Processed Turkeys,85917000.0,88697000.0,-2780000.0,-3.0
2025-04-21,Chicken,Processed Other Poultry,60571000.0,58262000.0,2309000.0,4.0
2025-04-21,Eggs,Frozen Eggs,2328000.0,2336000.0,-8000.0,0.0
2025-04-21,Turkey,Processed Turkeys,87330000.0,88697000.0,-1367000.0,-2.0
2025-04-28,Chicken,Processed Other Poultry,60139000.0,58262000.0,1877000.0,3.0
2025-04-28,Eggs,Frozen Eggs,2326000.0,2336000.0,-10000.0,0.0
2025-04-28,Turkey,Processed Turkeys,87682000.0,88697000.0,-1015000.0,-1.0
2025-05-05,Chicken,Processed Other Poultry,58542000.0,59181000.0,-639000.0,-1.0
2025-05-05,Eggs,Frozen Eggs,2326000.0,2326000.0,0.0,0.0
2025-05-05,Turkey,Processed Turkeys,86194000.0,86789000.0,-595000.0,-1.0
2025-05-12,Chicken,Processed Other Poultry,56380000.0,59181000.0,-2801000.0,-5.0
2025-05-12,Eggs,Frozen Eggs,2320000.0,2326000.0,-6000.0,0.0
2025-05-12,Turkey,Processed Turkeys,88444000.0,86789000.0,1655000.0,2.0
2025-05-19,Chicken,Processed Other Poultry,55806000.0,59181000.0,-3375000.0,-6.0
2025-05-19,Eggs,Frozen Eggs,2320000.0,2326000.0,-6000.0,0.0
2025-05-19,Turkey,Processed Turkeys,87640000.0,86789000.0,851000.0,1.0
2025-05-26,Chicken,Processed Other Poultry,55472000.0,59181000.0,-3709000.0,-6.0
2025-05-26,Eggs,Frozen Eggs,2320000.0,2326000.0,-6000.0,0.0
2025-05-26,Turkey,Processed Turkeys,89236000.0,86789000.0,2447000.0,3.0
2025-06-02,Chicken,Processed Other Poultry,55443000.0,55443000.0,0.0,0.0
2025-06-02,Eggs,Frozen Eggs,2320000.0,2320000.0,0.0,0.0
2025-06-02,Turkey,Processed Turkeys,89285000.0,89285000.0,0.0,0.0
2025-06-09,Chicken,Processed Other Poultry,55794000.0,55443000.0,351000.0,1.0
2025-06-09,Eggs,Frozen Eggs,2340000.0,2320000.0,20000.0,1.0
2025-06-09,Turkey,Processed Turkeys,87740000.0,89285000.0,-1545000.0,-2.0
2025-06-16,Chicken,Processed Other Poultry,56527000.0,55443000.0,1084000.0,2.0
2025-06-16,Eggs,Frozen Eggs,2336000.0,2320000.0,16000.0,1.0
2025-06-16,Turkey,Processed Turkeys,88020000.0,89285000.0,-1265000.0,-1.0
2025-06-23,Chicken,Processed Other Poultry,58012000.0,55443000.0,2569000.0,5.0
2025-06-23,Eggs,Frozen Eggs,2336000.0,2320000.0,16000.0,1.0
2025-06-23,Turkey,Processed Turkeys,89917000.0,89285000.0,632000.0,1.0
2025-06-30,Chicken,Processed Other Poultry,58265000.0,55443000.0,2822000.0,5.0
2025-06-30,Eggs,Frozen Eggs,2336000.0,2320000.0,16000.0,1.0
2025-06-30,Turkey,Processed Turkeys,89096000.0,89285000.0,-189000.0,0.0
2025-07-07,Chicken,Processed Other Poultry,58191000.0,58250000.0,-59000.0,0.0
2025-07-07,Eggs,Frozen Eggs,2336000.0,2336000.0,0.0,0.0
2025-07-07,Turkey,Processed Turkeys,91063000.0,89489000.0,1574000.0,2.0
2025-07-14,Chicken,Processed Other Poultry,57870000.0,58250000.0,-380000.0,-1.0
2025-07-14,Eggs,Frozen Eggs,2336000.0,2336000.0,0.0,0.0
2025-07-14,Turkey,Processed Turkeys,90063000.0,89489000.0,574000.0,1.0
2025-07-21,Chicken,Processed Other Poultry,57489000.0,58250000.0,-761000.0,-1.0
2025-07-21,Eggs,Frozen Eggs,2336000.0,2336000.0,0.0,0.0
2025-07-21,Turkey,Processed Turkeys,90411000.0,89489000.0,922000.0,1.0
2025-07-28,Chicken,Processed Other Poultry,58104000.0,58250000.0,-146000.0,0.0
2025-07-28,Eggs,Frozen Eggs,2331000.0,2336000.0,-5000.0,0.0
2025-07-28,Turkey,Processed Turkeys,91897000.0,89489000.0,2408000.0,3.0
2025-08-04,Chicken,Processed Other Poultry,58824000.0,58680000.0,144000.0,0.0
2025-08-04,Eggs,Frozen Eggs,2329000.0,2329000.0,0.0,0.0
2025-08-04,Turkey,Processed Turkeys,89707000.0,90145000.0,-438000.0,0.0
2025-08-11,Chicken,Processed Other Poultry,58808000.0,58680000.0,128000.0,0.0
2025-08-11,Eggs,Frozen Eggs,2327000.0,2329000.0,-2000.0,0.0
2025-08-11,Turkey,Processed Turkeys,89730000.0,90145000.0,-415000.0,0.0
2025-08-18,Chicken,Processed Other Poultry,58923000.0,58680000.0,243000.0,0.0
2025-08-18,Eggs,Frozen Eggs,2327000.0,2329000.0,-2000.0,0.0
2025-08-18,Turkey,Processed Turkeys,86131000.0,90145000.0,-4014000.0,-4.0
2025-08-25,Chicken,Processed Other Poultry,58063000.0,58680000.0,-617000.0,-1.0
2025-08-25,Eggs,Frozen Eggs,2327000.0,2329000.0,-2000.0,0.0
2025-08-25,Turkey,Processed Turkeys,85826000.0,90145000.0,-4319000.0,-5.0
2025-09-01,Chicken,Processed Other Poultry,57795000.0,57795000.0,0.0,0.0
2025-09-01,Eggs,Frozen Eggs,2321000.0,2321000.0,0.0,0.0
2025-09-01,Turkey,Processed Turkeys,84284000.0,84284000.0,0.0,0.0
2025-09-08,Chicken,Processed Other Poultry,57720000.0,57795000.0,-75000.0,0.0
2025-09-08,Eggs,Frozen Eggs,2319000.0,2321000.0,-2000.0,0.0
2025-09-08,Turkey,Processed Turkeys,85372000.0,84284000.0,1088000.0,1.0
2025-09-15,Chicken,Processed Other Poultry,57021000.0,57795000.0,-774000.0,-1.0
2025-09-15,Eggs,Frozen Eggs,2319000.0,2321000.0,-2000.0,0.0
2025-09-15,Turkey,Processed Turkeys,84571000.0,84284000.0,287000.0,0.0
2025-09-22,Chicken,Processed Other Poultry,57264000.0,57795000.0,-531000.0,-1.0
2025-09-22,Eggs,Frozen Eggs,2319000.0,2321000.0,-2000.0,0.0
2025-09-22,Turkey,Processed Turkeys,85349000.0,84284000.0,1065000.0,1.0
2025-09-29,Chicken,Processed Other Poultry,57386000.0,57795000.0,-409000.0,-1.0
2025-09-29,Eggs,Frozen Eggs,2333000.0,2321000.0,12000.0,1.0
2025-09-29,Turkey,Processed Turkeys,85191000.0,84284000.0,907000.0,1.0
2025-10-06,Chicken,Processed Other Poultry,58327000.0,57762000.0,565000.0,1.0
2025-10-06,Eggs,Frozen Eggs,2332000.0,2333000.0,-1000.0,0.0
2025-10-06,Turkey,Processed Turkeys,80104000.0,83156000.0,-3052000.0,-4.0
2025-10-13,Chicken,Processed Other Poultry,59498000.0,57762000.0,1736000.0,3.0
2025-10-13,Eggs,Frozen Eggs,2332000.0,2333000.0,-1000.0,0.0
2025-10-13,Turkey,Processed Turkeys,80416000.0,83156000.0,-2740000.0,-3.0
2025-10-20,Chicken,Processed Other Poultry,59922000.0,57762000.0,2160000.0,4.0
2025-10-20,Eggs,Frozen Eggs,2328000.0,2333000.0,-5000.0,0.0
2025-10-20,Turkey,Processed Turkeys,79920000.0,83156000.0,-3236000.0,-4.0
2025-10-27,Chicken,Processed Other Poultry,59762000.0,57762000.0,2000000.0,3.0
2025-10-27,Eggs,Frozen Eggs,2324000.0,2333000.0,-9000.0,0.0
2025-10-27,Turkey,Processed Turkeys,80843000.0,83156000.0,-2313000.0,-3.0
2025-11-03,Chicken,Processed Other Poultry,58074000.0,58074000.0,0.0,0.0
2025-11-03,Eggs,Frozen Eggs,2324000.0,2324000.0,0.0,0.0
2025-11-03,Turkey,Processed Turkeys,70834000.0,70834000.0,0.0,0.0
2025-11-10,Chicken,Processed Other Poultry,57667000.0,58074000.0,-407000.0,-1.0
2025-11-10,Eggs,Frozen Eggs,2317000.0,2324000.0,-7000.0,0.0
2025-11-10,Turkey,Processed Turkeys,68620000.0,70834000.0,-2214000.0,-3.0
2025-11-17,Chicken,Processed Other Poultry,57373000.0,58074000.0,-701000.0,-1.0
2025-11-17,Eggs,Frozen Eggs,2340000.0,2324000.0,16000.0,1.0
2025-11-17,Turkey,Processed Turkeys,66960000.0,70834000.0,-3874000.0,-5.0
2025-11-24,Chicken,Processed Other Poultry,57249000.0,58074000.0,-825000.0,-1.0
2025-11-24,Eggs,Frozen Eggs,2340000.0,2324000.0,16000.0,1.0
2025-11-24,Turkey,Processed Turkeys,66295000.0,70834000.0,-4539000.0,-6.0
2025-12-01,Chicken,Processed Other Poultry,57930000.0,57930000.0,0.0,0.0
2025-12-01,Eggs,Frozen Eggs,2345000.0,2345000.0,0.0,0.0
2025-12-01,Turkey,Processed Turkeys,65999000.0,65999000.0,0.0,0.0
2025-12-08,Chicken,Processed Other Poultry,57544000.0,57930000.0,-386000.0,-1.0
2025-12-08,Eggs,Frozen Eggs,2342000.0,2345000.0,-3000.0,0.0
2025-12-08,Turkey,Processed Turkeys,64569000.0,65999000.0,-1430000.0,-2.0
2025-12-15,Chicken,Processed Other Poultry,56932000.0,57930000.0,-998000.0,-2.0
2025-12-15,Eggs,Frozen Eggs,2340000.0,2345000.0,-5000.0,0.0
2025-12-15,Turkey,Processed Turkeys,67739000.0,65999000.0,1740000.0,3.0
2025-12-22,Chicken,Processed Other Poultry,56929000.0,57930000.0,-1001000.0,-2.0
2025-12-22,Eggs,Frozen Eggs,2340000.0,2345000.0,-5000.0,0.0
2025-12-22,Turkey,Processed Turkeys,66438000.0,65999000.0,439000.0,1.0
2025-12-29,Chicken,Processed Other Poultry,57241000.0,57930000.0,-689000.0,-1.0
2025-12-29,Eggs,Frozen Eggs,2340000.0,2345000.0,-5000.0,0.0
2025-12-29,Turkey,Processed Turkeys,66465000.0,65999000.0,466000.0,1.0
2026-01-05,Chicken,Processed Other Poultry,56156000.0,56590000.0,-434000.0,-1.0
2026-01-05,Eggs,Frozen Eggs,2338000.0,2339000.0,-1000.0,0.0
2026-01-05,Turkey,Processed Turkeys,66259000.0,66341000.0,-82000.0,0.0
2026-01-12,Chicken,Processed Other Poultry,56433000.0,56590000.0,-157000.0,0.0
2026-01-12,Eggs,Frozen Eggs,2338000.0,2339000.0,-1000.0,0.0
2026-01-12,Turkey,Processed Turkeys,65719000.0,66341000.0,-622000.0,-1.0
2026-01-19,Chicken,Processed Other Poultry,56698000.0,56590000.0,108000.0,0.0
2026-01-19,Eggs,Frozen Eggs,2332000.0,2339000.0,-7000.0,0.0
2026-01-19,Turkey,Processed Turkeys,66224000.0,66341000.0,-117000.0,0.0
2026-01-26,Chicken,Processed Other Poultry,53083000.0,56590000.0,-3507000.0,-6.0
2026-01-26,Eggs,Frozen Eggs,2332000.0,2339000.0,-7000.0,0.0
2026-01-26,Turkey,Processed Turkeys,66034000.0,66341000.0,-307000.0,0.0
2026-02-02,Chicken,Processed Other Poultry,57857000.0,57857000.0,0.0,0.0
2026-02-02,Eggs,Frozen Eggs,2328000.0,2328000.0,0.0,0.0
2026-02-02,Turkey,Processed Turkeys,66390000.0,66390000.0,0.0,0.0
2026-02-09,Chicken,Processed Other Poultry,57743000.0,57857000.0,-114000.0,0.0
2026-02-09,Eggs,Frozen Eggs,2322000.0,2328000.0,-6000.0,0.0
2026-02-09,Turkey,Processed Turkeys,66480000.0,66390000.0,90000.0,0.0
2026-02-16,Chicken,Processed Other Poultry,56316000.0,57857000.0,-1541000.0,-3.0
2026-02-16,Eggs,Frozen Eggs,2322000.0,2328000.0,-6000.0,0.0
2026-02-16,Turkey,Processed Turkeys,66518000.0,66390000.0,128000.0,0.0
2026-02-23,Chicken,Processed Other Poultry,56364000.0,57857000.0,-1493000.0,-3.0
2026-02-23,Eggs,Frozen Eggs,2340000.0,2328000.0,12000.0,1.0
2026-02-23,Turkey,Processed Turkeys,66501000.0,66390000.0,111000.0,0.0
2026-03-02,Chicken,Processed Other Poultry,55882000.0,55882000.0,0.0,0.0
2026-03-02,Eggs,Frozen Eggs,2338000.0,2338000.0,0.0,0.0
2026-03-02,Turkey,Processed Turkeys,66530000.0,66530000.0,0.0,0.0
2026-03-09,Chicken,Processed Other Poultry,55971000.0,55882000.0,89000.0,0.0
2026-03-09,Eggs,Frozen Eggs,2338000.0,2338000.0,0.0,0.0
2026-03-09,Turkey,Processed Turkeys,66698000.0,66530000.0,168000.0,0.0
2026-03-16,Chicken,Processed Other Poultry,56114000.0,55882000.0,232000.0,0.0
2026-03-16,Eggs,Frozen Eggs,2328000.0,2338000.0,-10000.0,0.0
2026-03-16,Turkey,Processed Turkeys,66676000.0,66530000.0,146000.0,0.0
2026-03-23,Chicken,Processed Other Poultry,56348000.0,55882000.0,466000.0,1.0
2026-03-23,Eggs,Frozen Eggs,2318000.0,2338000.0,-20000.0,-1.0
2026-03-23,Turkey,Processed Turkeys,66604000.0,66530000.0,74000.0,0.0
2026-03-30,Chicken,Processed Other Poultry,57103000.0,55882000.0,1221000.0,2.0
2026-03-30,Eggs,Frozen Eggs,2318000.0,2338000.0,-20000.0,-1.0
2026-03-30,Turkey,Processed Turkeys,66815000.0,66530000.0,285000.0,0.0
2026-04-06,Chicken,Processed Other Poultry,56958000.0,57045000.0,-87000.0,0.0
2026-04-06,Eggs,Frozen Eggs,2318000.0,2318000.0,0.0,0.0
2026-04-06,Turkey,Processed Turkeys,66822000.0,66818000.0,4000.0,0.0
2026-04-13,Chicken,Processed Other Poultry,59808000.0,57045000.0,2763000.0,5.0
2026-04-13,Eggs,Frozen Eggs,2317000.0,2318000.0,-1000.0,0.0
2026-04-13,Turkey,Processed Turkeys,64088000.0,66818000.0,-2730000.0,-4.0
